"DRIVERID","DRIVERREF","F1NUM","CODE","FORENAME","SURNAME","DOB","NATIONALITY","URL"
212,"rebaque","\N","\N","Hector","Rebaque",05-FEB-56,"Mexican","http://en.wikipedia.org/wiki/Hector_Rebaque"
213,"gabbiani","\N","\N","Beppe","Gabbiani",02-JAN-57,"Italian","http://en.wikipedia.org/wiki/Beppe_Gabbiani"
214,"cogan","\N","\N","Kevin","Cogan",31-MAR-56,"American","http://en.wikipedia.org/wiki/Kevin_Cogan"
215,"guerra","\N","\N","Miguel Ángel","Guerra",31-AUG-53,"Argentine","http://en.wikipedia.org/wiki/Miguel_Angel_Guerra"
216,"stohr","\N","\N","Siegfried","Stohr",10-OCT-52,"Italian","http://en.wikipedia.org/wiki/Siegfried_Stohr"
217,"zunino","\N","\N","Ricardo","Zunino",13-APR-49,"Argentine","http://en.wikipedia.org/wiki/Ricardo_Zunino"
218,"londono","\N","\N","Ricardo","Londoño",08-AUG-49,"Colombian","http://en.wikipedia.org/wiki/Ricardo_Londo%C3%B1o"
219,"jabouille","\N","\N","Jean-Pierre","Jabouille",01-OCT-42,"French","http://en.wikipedia.org/wiki/Jean-Pierre_Jabouille"
220,"francia","\N","\N","Giorgio","Francia",08-NOV-47,"Italian","http://en.wikipedia.org/wiki/Giorgio_Francia"
221,"depailler","\N","\N","Patrick","Depailler",09-AUG-44,"French","http://en.wikipedia.org/wiki/Patrick_Depailler"
222,"scheckter","\N","\N","Jody","Scheckter",29-JAN-50,"South African","http://en.wikipedia.org/wiki/Jody_Scheckter"
223,"regazzoni","\N","\N","Clay","Regazzoni",05-SEP-39,"Swiss","http://en.wikipedia.org/wiki/Clay_Regazzoni"
224,"emerson_fittipaldi","\N","\N","Emerson","Fittipaldi",12-DEC-46,"Brazilian","http://en.wikipedia.org/wiki/Emerson_Fittipaldi"
225,"kennedy","\N","\N","Dave","Kennedy",15-JAN-53,"Irish","http://en.wikipedia.org/wiki/David_Kennedy_(racing_driver)"
226,"south","\N","\N","Stephen","South",19-FEB-52,"British","http://en.wikipedia.org/wiki/Stephen_South"
227,"needell","\N","\N","Tiff","Needell",29-OCT-51,"British","http://en.wikipedia.org/wiki/Tiff_Needell"
228,"desire_wilson","\N","\N","Desiré","Wilson",26-NOV-53,"South African","http://en.wikipedia.org/wiki/Desir%C3%A9_Wilson"
229,"ertl","\N","\N","Harald","Ertl",31-AUG-48,"Austrian","http://en.wikipedia.org/wiki/Harald_Ertl"
230,"brambilla","\N","\N","Vittorio","Brambilla",11-NOV-37,"Italian","http://en.wikipedia.org/wiki/Vittorio_Brambilla"
231,"hunt","\N","\N","James","Hunt",29-AUG-47,"British","http://en.wikipedia.org/wiki/James_Hunt"
232,"merzario","\N","\N","Arturo","Merzario",11-MAR-43,"Italian","http://en.wikipedia.org/wiki/Arturo_Merzario"
233,"stuck","\N","\N","Hans-Joachim","Stuck",01-JAN-51,"German","http://en.wikipedia.org/wiki/Hans_Joachim_Stuck"
234,"brancatelli","\N","\N","Gianfranco","Brancatelli",18-JAN-50,"Italian","http://en.wikipedia.org/wiki/Gianfranco_Brancatelli"
235,"ickx","\N","\N","Jacky","Ickx",01-JAN-45,"Belgian","http://en.wikipedia.org/wiki/Jacky_Ickx"
236,"gaillard","\N","\N","Patrick","Gaillard",12-FEB-52,"French","http://en.wikipedia.org/wiki/Patrick_Gaillard"
237,"ribeiro","\N","\N","Alex","Ribeiro",07-NOV-48,"Brazilian","http://en.wikipedia.org/wiki/Alex_Ribeiro"
238,"peterson","\N","\N","Ronnie","Peterson",14-FEB-44,"Swedish","http://en.wikipedia.org/wiki/Ronnie_Peterson"
239,"lunger","\N","\N","Brett","Lunger",14-NOV-45,"American","http://en.wikipedia.org/wiki/Brett_Lunger"
240,"ongais","\N","\N","Danny","Ongais",21-MAY-42,"American","http://en.wikipedia.org/wiki/Danny_Ongais"
241,"leoni","\N","\N","Lamberto","Leoni",24-MAY-53,"Italian","http://en.wikipedia.org/wiki/Lamberto_Leoni"
242,"galica","\N","\N","Divina","Galica",13-AUG-44,"British","http://en.wikipedia.org/wiki/Divina_Galica"
243,"stommelen","\N","\N","Rolf","Stommelen",11-JUL-43,"German","http://en.wikipedia.org/wiki/Rolf_Stommelen"
244,"colombo","\N","\N","Alberto","Colombo",23-FEB-46,"Italian","http://en.wikipedia.org/wiki/Alberto_Colombo"
245,"trimmer","\N","\N","Tony","Trimmer",24-JAN-43,"British","http://en.wikipedia.org/wiki/Tony_Trimmer"
246,"binder","\N","\N","Hans","Binder",12-JUN-48,"Austrian","http://en.wikipedia.org/wiki/Hans_Binder"
247,"bleekemolen","\N","\N","Michael","Bleekemolen",02-OCT-49,"Dutch","http://en.wikipedia.org/wiki/Michael_Bleekemolen"
248,"gimax","\N","\N","Carlo","Franchi",01-JAN-38,"Italian","http://en.wikipedia.org/wiki/Gimax"
249,"rahal","\N","\N","Bobby","Rahal",10-JAN-53,"American","http://en.wikipedia.org/wiki/Bobby_Rahal"
250,"pace","\N","\N","Carlos","Pace",06-OCT-44,"Brazilian","http://en.wikipedia.org/wiki/Carlos_Pace"
251,"ian_scheckter","\N","\N","Ian","Scheckter",22-AUG-47,"South African","http://en.wikipedia.org/wiki/Ian_Scheckter"
252,"pryce","\N","\N","Tom","Pryce",11-JUN-49,"British","http://en.wikipedia.org/wiki/Tom_Pryce"
253,"hoffmann","\N","\N","Ingo","Hoffmann",28-FEB-53,"Brazilian","http://en.wikipedia.org/wiki/Ingo_Hoffmann"
254,"zorzi","\N","\N","Renzo","Zorzi",12-DEC-46,"Italian","http://en.wikipedia.org/wiki/Renzo_Zorzi"
255,"nilsson","\N","\N","Gunnar","Nilsson",20-NOV-48,"Swedish","http://en.wikipedia.org/wiki/Gunnar_Nilsson"
256,"perkins","\N","\N","Larry","Perkins",18-MAR-50,"Australian","http://en.wikipedia.org/wiki/Larry_Perkins"
257,"hayje","\N","\N","Boy","Lunger",03-MAY-49,"Dutch","http://en.wikipedia.org/wiki/Boy_Hayje"
258,"neve","\N","\N","Patrick","Nève",13-OCT-49,"Belgian","http://en.wikipedia.org/wiki/Patrick_Neve"
259,"purley","\N","\N","David","Purley",26-JAN-45,"British","http://en.wikipedia.org/wiki/David_Purley"
260,"andersson","\N","\N","Conny","Andersson",28-DEC-39,"Swedish","http://en.wikipedia.org/wiki/Conny_Andersson_(racing_driver)"
261,"dryver","\N","\N","Bernard","de Dryver",19-SEP-52,"Belgian","http://en.wikipedia.org/wiki/Bernard_de_Dryver"
262,"oliver","\N","\N","Jackie","Oliver",14-AUG-42,"British","http://en.wikipedia.org/wiki/Jackie_Oliver"
263,"kozarowitzky","\N","\N","Mikko","Kozarowitzky",17-MAY-48,"Finnish","http://en.wikipedia.org/wiki/Mikko_Kozarowitzky"
264,"sutcliffe","\N","\N","Andy","Sutcliffe",09-MAY-47,"British","http://en.wikipedia.org/wiki/Andy_Sutcliffe"
265,"edwards","\N","\N","Guy","Edwards",30-DEC-42,"British","http://en.wikipedia.org/wiki/Guy_Edwards"
266,"mcguire","\N","\N","Brian","McGuire",13-DEC-45,"Australian","http://en.wikipedia.org/wiki/Brian_McGuire"
267,"schuppan","\N","\N","Vern","Schuppan",19-MAR-43,"Australian","http://en.wikipedia.org/wiki/Vern_Schuppan"
268,"heyer","\N","\N","Hans","Heyer",16-MAR-43,"German","http://en.wikipedia.org/wiki/Hans_Heyer"
269,"pilette","\N","\N","Teddy","Pilette",26-JUL-42,"Belgian","http://en.wikipedia.org/wiki/Teddy_Pilette"
270,"ashley","\N","\N","Ian","Ashley",26-OCT-47,"British","http://en.wikipedia.org/wiki/Ian_Ashley"
271,"kessel","\N","\N","Loris","Kessel",01-APR-50,"Swiss","http://en.wikipedia.org/wiki/Loris_Kessel"
272,"takahashi","\N","\N","Kunimitsu","Takahashi",29-JAN-40,"Japanese","http://en.wikipedia.org/wiki/Kunimitsu_Takahashi"
273,"hoshino","\N","\N","Kazuyoshi","Hoshino",01-JUL-47,"Japanese","http://en.wikipedia.org/wiki/Kazuyoshi_Hoshino"
274,"takahara","\N","\N","Noritake","Takahara",06-JUN-51,"Japanese","http://en.wikipedia.org/wiki/Noritake_Takahara"
275,"lombardi","\N","\N","Lella","Lombardi",26-MAR-41,"Italian","http://en.wikipedia.org/wiki/Lella_Lombardi"
276,"evans","\N","\N","Bob","Evans",11-JUN-47,"British","http://en.wikipedia.org/wiki/Bob_Evans_(race_driver)"
277,"leclere","\N","\N","Michel","Leclère",18-MAR-46,"French","http://en.wikipedia.org/wiki/Michel_Lecl%C3%A8re"
278,"amon","\N","\N","Chris","Amon",20-JUL-43,"New Zealander","http://en.wikipedia.org/wiki/Chris_Amon"
279,"zapico","\N","\N","Emilio","Zapico",27-MAY-44,"Spanish","http://en.wikipedia.org/wiki/Emilio_Zapico"
280,"pescarolo","\N","\N","Henri","Pescarolo",25-SEP-42,"French","http://en.wikipedia.org/wiki/Henri_Pescarolo"
281,"nelleman","\N","\N","Jac","Nelleman",19-APR-44,"Danish","http://en.wikipedia.org/wiki/Jac_Nelleman"
282,"magee","\N","\N","Damien","Magee",17-NOV-45,"British","http://en.wikipedia.org/wiki/Damien_Magee"
283,"wilds","\N","\N","Mike","Wilds",07-JAN-46,"British","http://en.wikipedia.org/wiki/Mike_Wilds"
284,"pesenti_rossi","\N","\N","Alessandro","Pesenti-Rossi",31-AUG-42,"Italian","http://en.wikipedia.org/wiki/Alessandro_Pesenti-Rossi"
285,"stuppacher","\N","\N","Otto","Stuppacher",03-MAR-47,"Austrian","http://en.wikipedia.org/wiki/Otto_Stuppacher"
286,"brown","\N","\N","Warwick","Brown",24-DEC-49,"Australian","http://en.wikipedia.org/wiki/Warwick_Brown"
287,"hasemi","\N","\N","Masahiro","Hasemi",13-NOV-45,"Japanese","http://en.wikipedia.org/wiki/Masahiro_Hasemi"
288,"donohue","\N","\N","Mark","Donohue",18-MAR-37,"American","http://en.wikipedia.org/wiki/Mark_Donohue"
289,"hill","\N","\N","Graham","Hill",15-FEB-29,"British","http://en.wikipedia.org/wiki/Graham_Hill"
290,"wilson_fittipaldi","\N","\N","Wilson","Fittipaldi",25-DEC-43,"Brazilian","http://en.wikipedia.org/wiki/Wilson_Fittipaldi"
291,"tunmer","\N","\N","Guy","Tunmer",01-DEC-48,"South African","http://en.wikipedia.org/wiki/Guy_Tunmer"
292,"keizan","\N","\N","Eddie","Keizan",12-SEP-44,"South African","http://en.wikipedia.org/wiki/Eddie_Keizan"
293,"charlton","\N","\N","Dave","Charlton",27-OCT-36,"South African","http://en.wikipedia.org/wiki/Dave_Charlton"
294,"brise","\N","\N","Tony","Brise",28-MAR-52,"British","http://en.wikipedia.org/wiki/Tony_Brise"
295,"wunderink","\N","\N","Roelof","Wunderink",12-DEC-48,"Dutch","http://en.wikipedia.org/wiki/Roelof_Wunderink"
296,"migault","\N","\N","François","Migault",04-DEC-44,"French","http://en.wikipedia.org/wiki/Fran%C3%A7ois_Migault"
297,"palm","\N","\N","Torsten","Palm",23-JUL-47,"Swedish","http://en.wikipedia.org/wiki/Torsten_Palm"
298,"lennep","\N","\N","Gijs","van Lennep",16-MAR-42,"Dutch","http://en.wikipedia.org/wiki/Gijs_Van_Lennep"
299,"fushida","\N","\N","Hiroshi","Fushida",10-MAR-46,"Japanese","http://en.wikipedia.org/wiki/Hiroshi_Fushida"
300,"nicholson","\N","\N","John","Nicholson",06-OCT-41,"New Zealander","http://en.wikipedia.org/wiki/John_Nicholson_(racing_driver)"
301,"morgan","\N","\N","Dave","Morgan",07-AUG-44,"British","http://en.wikipedia.org/wiki/Dave_Morgan_(racing_driver)"
302,"crawford","\N","\N","Jim","Crawford",13-FEB-48,"British","http://en.wikipedia.org/wiki/Jim_Crawford_(driver)"
303,"vonlanthen","\N","\N","Jo","Vonlanthen",31-MAY-42,"Swiss","http://en.wikipedia.org/wiki/Jo_Vonlanthen"
304,"hulme","\N","\N","Denny","Hulme",18-JUN-36,"New Zealander","http://en.wikipedia.org/wiki/Denny_Hulme"
305,"hailwood","\N","\N","Mike","Hailwood",02-APR-40,"British","http://en.wikipedia.org/wiki/Mike_Hailwood"
306,"beltoise","\N","\N","Jean-Pierre","Beltoise",26-APR-37,"French","http://en.wikipedia.org/wiki/Jean-Pierre_Beltoise"
307,"ganley","\N","\N","Howden","Ganley",24-DEC-41,"New Zealander","http://en.wikipedia.org/wiki/Howden_Ganley"
308,"robarts","\N","\N","Richard","Robarts",22-SEP-44,"British","http://en.wikipedia.org/wiki/Richard_Robarts"
309,"revson","\N","\N","Peter","Revson",27-FEB-39,"American","http://en.wikipedia.org/wiki/Peter_Revson"
310,"driver","\N","\N","Paddy","Driver",13-MAY-34,"South African","http://en.wikipedia.org/wiki/Paddy_Driver"
311,"belso","\N","\N","Tom","Belsø",27-AUG-42,"Danish","http://en.wikipedia.org/wiki/Tom_Bels%C3%B8"
312,"redman","\N","\N","Brian","Redman",09-MAR-37,"British","http://en.wikipedia.org/wiki/Brian_Redman"
313,"opel","\N","\N","Rikky","von Opel",14-OCT-47,"Liechtensteiner","http://en.wikipedia.org/wiki/Rikky_von_Opel"
314,"schenken","\N","\N","Tim","Schenken",26-SEP-43,"Australian","http://en.wikipedia.org/wiki/Tim_Schenken"
315,"larrousse","\N","\N","Gérard","Larrousse",23-MAY-40,"French","http://en.wikipedia.org/wiki/G%C3%A9rard_Larrousse"
316,"kinnunen","\N","\N","Leo","Kinnunen",05-AUG-43,"Finnish","http://en.wikipedia.org/wiki/Leo_Kinnunen"
317,"wisell","\N","\N","Reine","Wisell",30-SEP-41,"Swedish","http://en.wikipedia.org/wiki/Reine_Wisell"
318,"roos","\N","\N","Bertil","Roos",12-OCT-43,"Swedish","http://en.wikipedia.org/wiki/Bertil_Roos"
319,"dolhem","\N","\N","José","Dolhem",26-APR-44,"French","http://en.wikipedia.org/wiki/Jos%C3%A9_Dolhem"
320,"gethin","\N","\N","Peter","Gethin",21-FEB-40,"British","http://en.wikipedia.org/wiki/Peter_Gethin"
321,"bell","\N","\N","Derek","Bell",31-OCT-41,"British","http://en.wikipedia.org/wiki/Derek_Bell_(auto_racer)"
322,"hobbs","\N","\N","David","Hobbs",09-JUN-39,"British","http://en.wikipedia.org/wiki/David_Hobbs_(racing_driver)"
323,"quester","\N","\N","Dieter","Quester",30-MAY-39,"Austrian","http://en.wikipedia.org/wiki/Dieter_Quester"
324,"koinigg","\N","\N","Helmuth","Koinigg",03-NOV-48,"Austrian","http://en.wikipedia.org/wiki/Helmuth_Koinigg"
325,"facetti","\N","\N","Carlo","Facetti",26-JUN-35,"Italian","http://en.wikipedia.org/wiki/Carlo_Facetti"
326,"wietzes","\N","\N","Eppie","Wietzes",28-MAY-38,"Canadian","http://en.wikipedia.org/wiki/Eppie_Wietzes"
327,"cevert","\N","\N","François","Cevert",25-FEB-44,"French","http://en.wikipedia.org/wiki/Fran%C3%A7ois_Cevert"
328,"stewart","\N","\N","Jackie","Stewart",11-JUN-39,"British","http://en.wikipedia.org/wiki/Jackie_Stewart"
329,"beuttler","\N","\N","Mike","Beuttler",13-APR-40,"British","http://en.wikipedia.org/wiki/Mike_Beuttler"
330,"galli","\N","\N","Nanni","Galli",02-OCT-40,"Italian","http://en.wikipedia.org/wiki/Nanni_Galli"
331,"bueno","\N","\N","Luiz","Bueno",16-JAN-37,"Brazilian","http://en.wikipedia.org/wiki/Luiz_Bueno"
332,"follmer","\N","\N","George","Follmer",27-JAN-34,"American","http://en.wikipedia.org/wiki/George_Follmer"
333,"adamich","\N","\N","Andrea","de Adamich",03-OCT-41,"Italian","http://en.wikipedia.org/wiki/Andrea_de_Adamich"
334,"pretorius","\N","\N","Jackie","Pretorius",22-NOV-34,"South African","http://en.wikipedia.org/wiki/Jackie_Pretorius"
335,"williamson","\N","\N","Roger","Williamson",02-FEB-48,"British","http://en.wikipedia.org/wiki/Roger_Williamson"
336,"mcrae","\N","\N","Graham","McRae",05-MAR-40,"New Zealander","http://en.wikipedia.org/wiki/Graham_McRae"
337,"marko","\N","\N","Helmut","Marko",27-APR-43,"Austrian","http://en.wikipedia.org/wiki/Helmut_Marko"
338,"walker","\N","\N","David","Walker",10-JUN-41,"Australian","http://en.wikipedia.org/wiki/David_Walker_(racing_driver)"
339,"roig","\N","\N","Alex","Soler-Roig",29-OCT-32,"Spanish","http://en.wikipedia.org/wiki/Alex_Soler-Roig"
340,"love","\N","\N","John","Love",07-DEC-24,"Rhodesian","http://en.wikipedia.org/wiki/John_Love_(racing_driver)"
341,"surtees","\N","\N","John","Surtees",11-FEB-34,"British","http://en.wikipedia.org/wiki/John_Surtees"
342,"barber","\N","\N","Skip","Barber",16-NOV-36,"American","http://en.wikipedia.org/wiki/Skip_Barber"
343,"brack","\N","\N","Bill","Brack",26-DEC-35,"Canadian","http://en.wikipedia.org/wiki/Bill_Brack"
344,"posey","\N","\N","Sam","Posey",26-MAY-44,"American","http://en.wikipedia.org/wiki/Sam_Posey"
345,"rodriguez","\N","\N","Pedro","Rodríguez",18-JAN-40,"Mexican","http://en.wikipedia.org/wiki/Pedro_Rodr%C3%ADguez_(racing_driver)"
346,"siffert","\N","\N","Jo","Siffert",07-JUL-36,"Swiss","http://en.wikipedia.org/wiki/Jo_Siffert"
347,"bonnier","\N","\N","Jo","Bonnier",31-JAN-30,"Swedish","http://en.wikipedia.org/wiki/Joakim_Bonnier"
348,"mazet","\N","\N","François","Mazet",24-FEB-43,"French","http://en.wikipedia.org/wiki/Fran%C3%A7ois_Mazet"
349,"jean","\N","\N","Max","Jean",27-JUL-43,"French","http://en.wikipedia.org/wiki/Max_Jean"
350,"elford","\N","\N","Vic","Elford",10-JUN-35,"British","http://en.wikipedia.org/wiki/Vic_Elford"
351,"moser","\N","\N","Silvio","Moser",24-APR-41,"Swiss","http://en.wikipedia.org/wiki/Silvio_Moser"
352,"eaton","\N","\N","George","Eaton",12-NOV-45,"Canadian","http://en.wikipedia.org/wiki/George_Eaton"
353,"lovely","\N","\N","Pete","Lovely",11-APR-26,"American","http://en.wikipedia.org/wiki/Pete_Lovely"
1,"hamilton","44","HAM","Lewis","Hamilton",07-JAN-85,"British","http://en.wikipedia.org/wiki/Lewis_Hamilton"
2,"heidfeld","\N","HEI","Nick","Heidfeld",10-MAY-77,"German","http://en.wikipedia.org/wiki/Nick_Heidfeld"
3,"rosberg","6","ROS","Nico","Rosberg",27-JUN-85,"German","http://en.wikipedia.org/wiki/Nico_Rosberg"
4,"alonso","14","ALO","Fernando","Alonso",29-JUL-81,"Spanish","http://en.wikipedia.org/wiki/Fernando_Alonso"
5,"kovalainen","\N","KOV","Heikki","Kovalainen",19-OCT-81,"Finnish","http://en.wikipedia.org/wiki/Heikki_Kovalainen"
6,"nakajima","\N","NAK","Kazuki","Nakajima",11-JAN-85,"Japanese","http://en.wikipedia.org/wiki/Kazuki_Nakajima"
7,"bourdais","\N","BOU","Sébastien","Bourdais",28-FEB-79,"French","http://en.wikipedia.org/wiki/S%C3%A9bastien_Bourdais"
8,"raikkonen","7","RAI","Kimi","Räikkönen",17-OCT-79,"Finnish","http://en.wikipedia.org/wiki/Kimi_R%C3%A4ikk%C3%B6nen"
9,"kubica","88","KUB","Robert","Kubica",07-DEC-84,"Polish","http://en.wikipedia.org/wiki/Robert_Kubica"
10,"glock","\N","GLO","Timo","Glock",18-MAR-82,"German","http://en.wikipedia.org/wiki/Timo_Glock"
11,"sato","\N","SAT","Takuma","Sato",28-JAN-77,"Japanese","http://en.wikipedia.org/wiki/Takuma_Sato"
12,"piquet_jr","\N","PIQ","Nelson","Piquet Jr.",25-JUL-85,"Brazilian","http://en.wikipedia.org/wiki/Nelson_Piquet,_Jr."
13,"massa","19","MAS","Felipe","Massa",25-APR-81,"Brazilian","http://en.wikipedia.org/wiki/Felipe_Massa"
14,"coulthard","\N","COU","David","Coulthard",27-MAR-71,"British","http://en.wikipedia.org/wiki/David_Coulthard"
15,"trulli","\N","TRU","Jarno","Trulli",13-JUL-74,"Italian","http://en.wikipedia.org/wiki/Jarno_Trulli"
16,"sutil","99","SUT","Adrian","Sutil",11-JAN-83,"German","http://en.wikipedia.org/wiki/Adrian_Sutil"
17,"webber","\N","WEB","Mark","Webber",27-AUG-76,"Australian","http://en.wikipedia.org/wiki/Mark_Webber"
18,"button","22","BUT","Jenson","Button",19-JAN-80,"British","http://en.wikipedia.org/wiki/Jenson_Button"
19,"davidson","\N","DAV","Anthony","Davidson",18-APR-79,"British","http://en.wikipedia.org/wiki/Anthony_Davidson"
20,"vettel","5","VET","Sebastian","Vettel",03-JUL-87,"German","http://en.wikipedia.org/wiki/Sebastian_Vettel"
21,"fisichella","\N","FIS","Giancarlo","Fisichella",14-JAN-73,"Italian","http://en.wikipedia.org/wiki/Giancarlo_Fisichella"
22,"barrichello","\N","BAR","Rubens","Barrichello",23-MAY-72,"Brazilian","http://en.wikipedia.org/wiki/Rubens_Barrichello"
23,"ralf_schumacher","\N","SCH","Ralf","Schumacher",30-JUN-75,"German","http://en.wikipedia.org/wiki/Ralf_Schumacher"
24,"liuzzi","\N","LIU","Vitantonio","Liuzzi",06-AUG-80,"Italian","http://en.wikipedia.org/wiki/Vitantonio_Liuzzi"
25,"wurz","\N","WUR","Alexander","Wurz",15-FEB-74,"Austrian","http://en.wikipedia.org/wiki/Alexander_Wurz"
26,"speed","\N","SPE","Scott","Speed",24-JAN-83,"American","http://en.wikipedia.org/wiki/Scott_Speed"
27,"albers","\N","ALB","Christijan","Albers",16-APR-79,"Dutch","http://en.wikipedia.org/wiki/Christijan_Albers"
28,"markus_winkelhock","\N","WIN","Markus","Winkelhock",13-JUN-80,"German","http://en.wikipedia.org/wiki/Markus_Winkelhock"
29,"yamamoto","\N","YAM","Sakon","Yamamoto",09-JUL-82,"Japanese","http://en.wikipedia.org/wiki/Sakon_Yamamoto"
30,"michael_schumacher","\N","MSC","Michael","Schumacher",03-JAN-69,"German","http://en.wikipedia.org/wiki/Michael_Schumacher"
31,"montoya","\N","MON","Juan","Pablo Montoya",20-SEP-75,"Colombian","http://en.wikipedia.org/wiki/Juan_Pablo_Montoya"
32,"klien","\N","KLI","Christian","Klien",07-FEB-83,"Austrian","http://en.wikipedia.org/wiki/Christian_Klien"
33,"monteiro","\N","TMO","Tiago","Monteiro",24-JUL-76,"Portuguese","http://en.wikipedia.org/wiki/Tiago_Monteiro"
34,"ide","\N","IDE","Yuji","Ide",21-JAN-75,"Japanese","http://en.wikipedia.org/wiki/Yuji_Ide"
35,"villeneuve","\N","VIL","Jacques","Villeneuve",09-APR-71,"Canadian","http://en.wikipedia.org/wiki/Jacques_Villeneuve"
36,"montagny","\N","FMO","Franck","Montagny",05-JAN-78,"French","http://en.wikipedia.org/wiki/Franck_Montagny"
37,"rosa","\N","DLR","Pedro","de la Rosa",24-FEB-71,"Spanish","http://en.wikipedia.org/wiki/Pedro_de_la_Rosa"
38,"doornbos","\N","DOO","Robert","Doornbos",23-SEP-81,"Dutch","http://en.wikipedia.org/wiki/Robert_Doornbos"
39,"karthikeyan","\N","KAR","Narain","Karthikeyan",14-JAN-77,"Indian","http://en.wikipedia.org/wiki/Narain_Karthikeyan"
40,"friesacher","\N","FRI","Patrick","Friesacher",26-SEP-80,"Austrian","http://en.wikipedia.org/wiki/Patrick_Friesacher"
41,"zonta","\N","ZON","Ricardo","Zonta",23-MAR-76,"Brazilian","http://en.wikipedia.org/wiki/Ricardo_Zonta"
42,"pizzonia","\N","PIZ","Antônio","Pizzonia",11-SEP-80,"Brazilian","http://en.wikipedia.org/wiki/Ant%C3%B4nio_Pizzonia"
43,"matta","\N","\N","Cristiano","da Matta",19-SEP-73,"Brazilian","http://en.wikipedia.org/wiki/Cristiano_da_Matta"
44,"panis","\N","\N","Olivier","Panis",02-SEP-66,"French","http://en.wikipedia.org/wiki/Olivier_Panis"
45,"pantano","\N","\N","Giorgio","Pantano",04-FEB-79,"Italian","http://en.wikipedia.org/wiki/Giorgio_Pantano"
46,"bruni","\N","\N","Gianmaria","Bruni",30-MAY-81,"Italian","http://en.wikipedia.org/wiki/Gianmaria_Bruni"
47,"baumgartner","\N","\N","Zsolt","Baumgartner",01-JAN-81,"Hungarian","http://en.wikipedia.org/wiki/Zsolt_Baumgartner"
48,"gene","\N","\N","Marc","Gené",29-MAR-74,"Spanish","http://en.wikipedia.org/wiki/Marc_Gen%C3%A9"
49,"frentzen","\N","\N","Heinz-Harald","Frentzen",18-MAY-67,"German","http://en.wikipedia.org/wiki/Heinz-Harald_Frentzen"
50,"verstappen","\N","\N","Jos","Verstappen",04-MAR-72,"Dutch","http://en.wikipedia.org/wiki/Jos_Verstappen"
51,"wilson","\N","\N","Justin","Wilson",31-JUL-78,"British","http://en.wikipedia.org/wiki/Justin_Wilson_(racing_driver)"
52,"firman","\N","\N","Ralph","Firman",20-MAY-75,"Irish","http://en.wikipedia.org/wiki/Ralph_Firman"
53,"kiesa","\N","\N","Nicolas","Kiesa",03-MAR-78,"Danish","http://en.wikipedia.org/wiki/Nicolas_Kiesa"
54,"burti","\N","\N","Luciano","Burti",05-MAR-75,"Brazilian","http://en.wikipedia.org/wiki/Luciano_Burti"
55,"alesi","\N","\N","Jean","Alesi",11-JUN-64,"French","http://en.wikipedia.org/wiki/Jean_Alesi"
56,"irvine","\N","\N","Eddie","Irvine",10-NOV-65,"British","http://en.wikipedia.org/wiki/Eddie_Irvine"
57,"hakkinen","\N","\N","Mika","Häkkinen",28-SEP-68,"Finnish","http://en.wikipedia.org/wiki/Mika_H%C3%A4kkinen"
58,"marques","\N","\N","Tarso","Marques",19-JAN-76,"Brazilian","http://en.wikipedia.org/wiki/Tarso_Marques"
59,"bernoldi","\N","\N","Enrique","Bernoldi",19-OCT-78,"Brazilian","http://en.wikipedia.org/wiki/Enrique_Bernoldi"
60,"mazzacane","\N","\N","Gastón","Mazzacane",08-MAY-75,"Argentine","http://en.wikipedia.org/wiki/Gast%C3%B3n_Mazzacane"
61,"enge","\N","\N","Tomá","Enge",11-SEP-76,"Czech","http://en.wikipedia.org/wiki/Tom%C3%A1%C5%A1_Enge"
62,"yoong","\N","\N","Alex","Yoong",20-JUL-76,"Malaysian","http://en.wikipedia.org/wiki/Alex_Yoong"
63,"salo","\N","\N","Mika","Salo",30-NOV-66,"Finnish","http://en.wikipedia.org/wiki/Mika_Salo"
64,"diniz","\N","\N","Pedro","Diniz",22-MAY-70,"Brazilian","http://en.wikipedia.org/wiki/Pedro_Diniz"
65,"herbert","\N","\N","Johnny","Herbert",25-JUN-64,"British","http://en.wikipedia.org/wiki/Johnny_Herbert"
66,"mcnish","\N","\N","Allan","McNish",29-DEC-69,"British","http://en.wikipedia.org/wiki/Allan_McNish"
67,"buemi","\N","BUE","Sébastien","Buemi",31-OCT-88,"Swiss","http://en.wikipedia.org/wiki/S%C3%A9bastien_Buemi"
68,"takagi","\N","\N","Toranosuke","Takagi",12-FEB-74,"Japanese","http://en.wikipedia.org/wiki/Toranosuke_Takagi"
69,"badoer","\N","BAD","Luca","Badoer",25-JAN-71,"Italian","http://en.wikipedia.org/wiki/Luca_Badoer"
70,"zanardi","\N","\N","Alessandro","Zanardi",23-OCT-66,"Italian","http://en.wikipedia.org/wiki/Alex_Zanardi"
71,"damon_hill","\N","\N","Damon","Hill",17-SEP-60,"British","http://en.wikipedia.org/wiki/Damon_Hill"
72,"sarrazin","\N","\N","Stéphane","Sarrazin",02-NOV-75,"French","http://en.wikipedia.org/wiki/St%C3%A9phane_Sarrazin"
73,"rosset","\N","\N","Ricardo","Rosset",27-JUL-68,"Brazilian","http://en.wikipedia.org/wiki/Ricardo_Rosset"
74,"tuero","\N","\N","Esteban","Tuero",22-APR-78,"Argentine","http://en.wikipedia.org/wiki/Esteban_Tuero"
75,"nakano","\N","\N","Shinji","Nakano",01-APR-71,"Japanese","http://en.wikipedia.org/wiki/Shinji_Nakano"
76,"magnussen","\N","MAG","Jan","Magnussen",04-JUL-73,"Danish","http://en.wikipedia.org/wiki/Jan_Magnussen"
77,"berger","\N","\N","Gerhard","Berger",27-AUG-59,"Austrian","http://en.wikipedia.org/wiki/Gerhard_Berger"
78,"larini","\N","\N","Nicola","Larini",19-MAR-64,"Italian","http://en.wikipedia.org/wiki/Nicola_Larini"
79,"katayama","\N","\N","Ukyo","Katayama",29-MAY-63,"Japanese","http://en.wikipedia.org/wiki/Ukyo_Katayama"
80,"sospiri","\N","\N","Vincenzo","Sospiri",07-OCT-66,"Italian","http://en.wikipedia.org/wiki/Vincenzo_Sospiri"
81,"morbidelli","\N","\N","Gianni","Morbidelli",13-JAN-68,"Italian","http://en.wikipedia.org/wiki/Gianni_Morbidelli"
82,"fontana","\N","\N","Norberto","Fontana",20-JAN-75,"Argentine","http://en.wikipedia.org/wiki/Norberto_Fontana"
83,"lamy","\N","\N","Pedro","Lamy",20-MAR-72,"Portuguese","http://en.wikipedia.org/wiki/Pedro_Lamy"
84,"brundle","\N","\N","Martin","Brundle",01-JUN-59,"British","http://en.wikipedia.org/wiki/Martin_Brundle"
85,"montermini","\N","\N","Andrea","Montermini",30-MAY-64,"Italian","http://en.wikipedia.org/wiki/Andrea_Montermini"
86,"lavaggi","\N","\N","Giovanni","Lavaggi",18-FEB-58,"Italian","http://en.wikipedia.org/wiki/Giovanni_Lavaggi"
87,"blundell","\N","\N","Mark","Blundell",08-APR-66,"British","http://en.wikipedia.org/wiki/Mark_Blundell"
88,"suzuki","\N","\N","Aguri","Suzuki",08-SEP-60,"Japanese","http://en.wikipedia.org/wiki/Aguri_Suzuki"
89,"inoue","\N","\N","Taki","Inoue",05-SEP-63,"Japanese","http://en.wikipedia.org/wiki/Taki_Inoue"
90,"moreno","\N","\N","Roberto","Moreno",11-FEB-59,"Brazilian","http://en.wikipedia.org/wiki/Roberto_Moreno"
91,"wendlinger","\N","\N","Karl","Wendlinger",20-DEC-68,"Austrian","http://en.wikipedia.org/wiki/Karl_Wendlinger"
92,"gachot","\N","\N","Bertrand","Gachot",23-DEC-62,"Belgian","http://en.wikipedia.org/wiki/Bertrand_Gachot"
93,"schiattarella","\N","\N","Domenico","Schiattarella",17-NOV-67,"Italian","http://en.wikipedia.org/wiki/Domenico_Schiattarella"
94,"martini","\N","\N","Pierluigi","Martini",23-APR-61,"Italian","http://en.wikipedia.org/wiki/Pierluigi_Martini"
95,"mansell","\N","\N","Nigel","Mansell",08-AUG-53,"British","http://en.wikipedia.org/wiki/Nigel_Mansell"
96,"boullion","\N","\N","Jean-Christophe","Boullion",27-DEC-69,"French","http://en.wikipedia.org/wiki/Jean-Christophe_Boullion"
97,"papis","\N","\N","Massimiliano","Papis",03-OCT-69,"Italian","http://en.wikipedia.org/wiki/Massimiliano_Papis"
98,"deletraz","\N","\N","Jean-Denis","Délétraz",01-OCT-63,"Swiss","http://en.wikipedia.org/wiki/Jean-Denis_Deletraz"
99,"tarquini","\N","\N","Gabriele","Tarquini",02-MAR-62,"Italian","http://en.wikipedia.org/wiki/Gabriele_Tarquini"
100,"comas","\N","\N","Érik","Comas",28-SEP-63,"French","http://en.wikipedia.org/wiki/%C3%89rik_Comas"
101,"brabham","\N","\N","David","Brabham",05-SEP-65,"Australian","http://en.wikipedia.org/wiki/David_Brabham"
102,"senna","\N","\N","Ayrton","Senna",21-MAR-60,"Brazilian","http://en.wikipedia.org/wiki/Ayrton_Senna"
103,"bernard","\N","\N","Éric","Bernard",24-AUG-64,"French","http://en.wikipedia.org/wiki/%C3%89ric_Bernard"
104,"fittipaldi","\N","\N","Christian","Fittipaldi",18-JAN-71,"Brazilian","http://en.wikipedia.org/wiki/Christian_Fittipaldi"
105,"alboreto","\N","\N","Michele","Alboreto",23-DEC-56,"Italian","http://en.wikipedia.org/wiki/Michele_Alboreto"
106,"beretta","\N","\N","Olivier","Beretta",23-NOV-69,"Monegasque","http://en.wikipedia.org/wiki/Olivier_Beretta"
107,"ratzenberger","\N","\N","Roland","Ratzenberger",04-JUL-60,"Austrian","http://en.wikipedia.org/wiki/Roland_Ratzenberger"
108,"belmondo","\N","\N","Paul","Belmondo",23-APR-63,"French","http://en.wikipedia.org/wiki/Paul_Belmondo"
109,"lehto","\N","\N","Jyrki","Järvilehto",31-JAN-66,"Finnish","http://en.wikipedia.org/wiki/Jyrki_J%C3%A4rvilehto"
110,"cesaris","\N","\N","Andrea","de Cesaris",31-MAY-59,"Italian","http://en.wikipedia.org/wiki/Andrea_de_Cesaris"
111,"gounon","\N","\N","Jean-Marc","Gounon",01-JAN-63,"French","http://en.wikipedia.org/wiki/Jean-Marc_Gounon"
112,"alliot","\N","\N","Philippe","Alliot",27-JUL-54,"French","http://en.wikipedia.org/wiki/Philippe_Alliot"
113,"adams","\N","\N","Philippe","Adams",19-NOV-69,"Belgian","http://en.wikipedia.org/wiki/Philippe_Adams"
114,"dalmas","\N","\N","Yannick","Dalmas",28-JUL-61,"French","http://en.wikipedia.org/wiki/Yannick_Dalmas"
115,"noda","\N","\N","Hideki","Noda",07-MAR-69,"Japanese","http://en.wikipedia.org/wiki/Hideki_Noda"
116,"lagorce","\N","\N","Franck","Lagorce",01-SEP-68,"French","http://en.wikipedia.org/wiki/Franck_Lagorce"
117,"prost","\N","\N","Alain","Prost",24-FEB-55,"French","http://en.wikipedia.org/wiki/Alain_Prost"
118,"warwick","\N","\N","Derek","Warwick",27-AUG-54,"British","http://en.wikipedia.org/wiki/Derek_Warwick"
119,"patrese","\N","\N","Riccardo","Patrese",17-APR-54,"Italian","http://en.wikipedia.org/wiki/Riccardo_Patrese"
120,"barbazza","\N","\N","Fabrizio","Barbazza",02-APR-63,"Italian","http://en.wikipedia.org/wiki/Fabrizio_Barbazza"
121,"andretti","\N","\N","Michael","Andretti",05-OCT-62,"American","http://en.wikipedia.org/wiki/Michael_Andretti"
122,"capelli","\N","\N","Ivan","Capelli",24-MAY-63,"Italian","http://en.wikipedia.org/wiki/Ivan_Capelli"
123,"boutsen","\N","\N","Thierry","Boutsen",13-JUL-57,"Belgian","http://en.wikipedia.org/wiki/Thierry_Boutsen"
124,"apicella","\N","\N","Marco","Apicella",07-OCT-65,"Italian","http://en.wikipedia.org/wiki/Marco_Apicella"
125,"naspetti","\N","\N","Emanuele","Naspetti",24-FEB-68,"Italian","http://en.wikipedia.org/wiki/Emanuele_Naspetti"
126,"toshio_suzuki","\N","\N","Toshio","Suzuki",10-MAR-55,"Japanese","http://en.wikipedia.org/wiki/Toshio_Suzuki_(driver)"
127,"gugelmin","\N","\N","Maurício","Gugelmin",20-APR-63,"Brazilian","http://en.wikipedia.org/wiki/Maur%C3%ADcio_Gugelmin"
128,"poele","\N","\N","Eric","van de Poele",30-SEP-61,"Belgian","http://en.wikipedia.org/wiki/Eric_van_de_Poele"
129,"grouillard","\N","\N","Olivier","Grouillard",02-SEP-58,"French","http://en.wikipedia.org/wiki/Olivier_Grouillard"
130,"chiesa","\N","\N","Andrea","Chiesa",06-MAY-64,"Swiss","http://en.wikipedia.org/wiki/Andrea_Chiesa"
131,"modena","\N","\N","Stefano","Modena",12-MAY-63,"Italian","http://en.wikipedia.org/wiki/Stefano_Modena"
132,"amati","\N","\N","Giovanna","Amati",20-JUL-59,"Italian","http://en.wikipedia.org/wiki/Giovanna_Amati"
133,"caffi","\N","\N","Alex","Caffi",18-MAR-64,"Italian","http://en.wikipedia.org/wiki/Alex_Caffi"
134,"bertaggia","\N","\N","Enrico","Bertaggia",19-SEP-64,"Italian","http://en.wikipedia.org/wiki/Enrico_Bertaggia"
135,"mccarthy","\N","\N","Perry","McCarthy",03-MAR-61,"British","http://en.wikipedia.org/wiki/Perry_McCarthy"
136,"lammers","\N","\N","Jan","Lammers",02-JUN-56,"Dutch","http://en.wikipedia.org/wiki/Jan_Lammers"
137,"piquet","\N","\N","Nelson","Piquet",17-AUG-52,"Brazilian","http://en.wikipedia.org/wiki/Nelson_Piquet"
138,"satoru_nakajima","\N","\N","Satoru","Nakajima",23-FEB-53,"Japanese","http://en.wikipedia.org/wiki/Satoru_Nakajima"
139,"pirro","\N","\N","Emanuele","Pirro",12-JAN-62,"Italian","http://en.wikipedia.org/wiki/Emanuele_Pirro"
140,"johansson","\N","\N","Stefan","Johansson",08-SEP-56,"Swedish","http://en.wikipedia.org/wiki/Stefan_Johansson"
141,"bailey","\N","\N","Julian","Bailey",09-OCT-61,"British","http://en.wikipedia.org/wiki/Julian_Bailey"
142,"chaves","\N","\N","Pedro","Chaves",27-FEB-65,"Portuguese","http://en.wikipedia.org/wiki/Pedro_Chaves"
143,"bartels","\N","\N","Michael","Bartels",08-MAR-68,"German","http://en.wikipedia.org/wiki/Michael_Bartels"
144,"hattori","\N","\N","Naoki","Hattori",13-JUN-66,"Japanese","http://en.wikipedia.org/wiki/Naoki_Hattori"
145,"nannini","\N","\N","Alessandro","Nannini",07-JUL-59,"Italian","http://en.wikipedia.org/wiki/Alessandro_Nannini"
146,"schneider","\N","\N","Bernd","Schneider",20-JUL-64,"German","http://en.wikipedia.org/wiki/Bernd_Schneider_(racecar_driver)"
147,"barilla","\N","\N","Paolo","Barilla",20-APR-61,"Italian","http://en.wikipedia.org/wiki/Paolo_Barilla"
148,"foitek","\N","\N","Gregor","Foitek",27-MAR-65,"Swiss","http://en.wikipedia.org/wiki/Gregor_Foitek"
149,"langes","\N","\N","Claudio","Langes",20-JUL-60,"Italian","http://en.wikipedia.org/wiki/Claudio_Langes"
150,"gary_brabham","\N","\N","Gary","Brabham",29-MAR-61,"Australian","http://en.wikipedia.org/wiki/Gary_Brabham"
151,"donnelly","\N","\N","Martin","Donnelly",26-MAR-64,"British","http://en.wikipedia.org/wiki/Martin_Donnelly_(racing_driver)"
152,"giacomelli","\N","\N","Bruno","Giacomelli",10-SEP-52,"Italian","http://en.wikipedia.org/wiki/Bruno_Giacomelli"
153,"alguersuari","\N","ALG","Jaime","Alguersuari",23-MAR-90,"Spanish","http://en.wikipedia.org/wiki/Jaime_Alguersuari"
154,"grosjean","8","GRO","Romain","Grosjean",17-APR-86,"French","http://en.wikipedia.org/wiki/Romain_Grosjean"
155,"kobayashi","10","KOB","Kamui","Kobayashi",13-SEP-86,"Japanese","http://en.wikipedia.org/wiki/Kamui_Kobayashi"
156,"palmer","\N","\N","Jonathan","Palmer",07-NOV-56,"British","http://en.wikipedia.org/wiki/Jonathan_Palmer"
157,"danner","\N","\N","Christian","Danner",04-APR-58,"German","http://en.wikipedia.org/wiki/Christian_Danner"
158,"cheever","\N","\N","Eddie","Cheever",10-JAN-58,"American","http://en.wikipedia.org/wiki/Eddie_Cheever"
159,"sala","\N","\N","Luis","Pérez-Sala",15-MAY-59,"Spanish","http://en.wikipedia.org/wiki/Luis_Perez-Sala"
160,"ghinzani","\N","\N","Piercarlo","Ghinzani",16-JAN-52,"Italian","http://en.wikipedia.org/wiki/Piercarlo_Ghinzani"
161,"weidler","\N","\N","Volker","Weidler",18-MAR-62,"German","http://en.wikipedia.org/wiki/Volker_Weidler"
162,"raphanel","\N","\N","Pierre-Henri","Raphanel",27-MAY-61,"French","http://en.wikipedia.org/wiki/Pierre-Henri_Raphanel"
163,"arnoux","\N","\N","René","Arnoux",04-JUL-48,"French","http://en.wikipedia.org/wiki/Ren%C3%A9_Arnoux"
164,"joachim_winkelhock","\N","\N","Joachim","Winkelhock",24-OCT-60,"German","http://en.wikipedia.org/wiki/Joachim_Winkelhock"
165,"larrauri","\N","\N","Oscar","Larrauri",19-AUG-54,"Argentine","http://en.wikipedia.org/wiki/Oscar_Larrauri"
166,"streiff","\N","\N","Philippe","Streiff",26-JUN-55,"French","http://en.wikipedia.org/wiki/Philippe_Streiff"
167,"campos","\N","\N","Adrián","Campos",17-JUN-60,"Spanish","http://en.wikipedia.org/wiki/Adri%C3%A1n_Campos"
168,"schlesser","\N","\N","Jean-Louis","Schlesser",12-SEP-48,"French","http://en.wikipedia.org/wiki/Jean-Louis_Schlesser"
169,"fabre","\N","\N","Pascal","Fabre",09-JAN-60,"French","http://en.wikipedia.org/wiki/Pascal_Fabre"
170,"fabi","\N","\N","Teo","Fabi",09-MAR-55,"Italian","http://en.wikipedia.org/wiki/Teo_Fabi"
171,"forini","\N","\N","Franco","Forini",22-SEP-58,"Swiss","http://en.wikipedia.org/wiki/Franco_Forini"
172,"laffite","\N","\N","Jacques","Laffite",21-NOV-43,"French","http://en.wikipedia.org/wiki/Jacques_Laffite"
173,"angelis","\N","\N","Elio","de Angelis",26-MAR-58,"Italian","http://en.wikipedia.org/wiki/Elio_de_Angelis"
174,"dumfries","\N","\N","Johnny","Dumfries",26-APR-58,"British","http://en.wikipedia.org/wiki/Johnny_Dumfries"
175,"tambay","\N","\N","Patrick","Tambay",25-JUN-49,"French","http://en.wikipedia.org/wiki/Patrick_Tambay"
176,"surer","\N","\N","Marc","Surer",18-SEP-51,"Swiss","http://en.wikipedia.org/wiki/Marc_Surer"
177,"keke_rosberg","\N","\N","Keke","Rosberg",06-DEC-48,"Finnish","http://en.wikipedia.org/wiki/Keke_Rosberg"
178,"jones","\N","\N","Alan","Jones",02-NOV-46,"Australian","http://en.wikipedia.org/wiki/Alan_Jones_(Formula_1)"
179,"rothengatter","\N","\N","Huub","Rothengatter",08-OCT-54,"Dutch","http://en.wikipedia.org/wiki/Huub_Rothengatter"
180,"berg","\N","\N","Allen","Berg",01-AUG-61,"Canadian","http://en.wikipedia.org/wiki/Allen_Berg"
181,"manfred_winkelhock","\N","\N","Manfred","Winkelhock",06-OCT-51,"German","http://en.wikipedia.org/wiki/Manfred_Winkelhock"
182,"lauda","\N","\N","Niki","Lauda",22-FEB-49,"Austrian","http://en.wikipedia.org/wiki/Niki_Lauda"
183,"hesnault","\N","\N","François","Hesnault",30-DEC-56,"French","http://en.wikipedia.org/wiki/Fran%C3%A7ois_Hesnault"
184,"baldi","\N","\N","Mauro","Baldi",31-JAN-54,"Italian","http://en.wikipedia.org/wiki/Mauro_Baldi"
185,"bellof","\N","\N","Stefan","Bellof",20-NOV-57,"German","http://en.wikipedia.org/wiki/Stefan_Bellof"
186,"acheson","\N","\N","Kenny","Acheson",27-NOV-57,"British","http://en.wikipedia.org/wiki/Kenny_Acheson"
187,"watson","\N","\N","John","Watson",04-MAY-46,"British","http://en.wikipedia.org/wiki/John_Watson_(racing_driver)"
188,"cecotto","\N","\N","Johnny","Cecotto",25-JAN-56,"Venezuelan","http://en.wikipedia.org/wiki/Johnny_Cecotto"
189,"gartner","\N","\N","Jo","Gartner",24-JAN-54,"Austrian","http://en.wikipedia.org/wiki/Jo_Gartner"
190,"corrado_fabi","\N","\N","Corrado","Fabi",12-APR-61,"Italian","http://en.wikipedia.org/wiki/Corrado_Fabi"
191,"thackwell","\N","\N","Mike","Thackwell",30-MAR-61,"New Zealander","http://en.wikipedia.org/wiki/Mike_Thackwell"
192,"serra","\N","\N","Chico","Serra",03-FEB-57,"Brazilian","http://en.wikipedia.org/wiki/Chico_Serra"
193,"sullivan","\N","\N","Danny","Sullivan",09-MAR-50,"American","http://en.wikipedia.org/wiki/Danny_Sullivan"
194,"salazar","\N","\N","Eliseo","Salazar",14-NOV-54,"Chilean","http://en.wikipedia.org/wiki/Eliseo_Salazar"
195,"guerrero","\N","\N","Roberto","Guerrero",16-NOV-58,"Colombian","http://en.wikipedia.org/wiki/Roberto_Guerrero"
196,"boesel","\N","\N","Raul","Boesel",04-DEC-57,"Brazilian","http://en.wikipedia.org/wiki/Raul_Boesel"
197,"jarier","\N","\N","Jean-Pierre","Jarier",10-JUL-46,"French","http://en.wikipedia.org/wiki/Jean-Pierre_Jarier"
198,"villeneuve_sr","\N","\N","Jacques","Villeneuve Sr.",04-NOV-53,"Canadian","http://en.wikipedia.org/wiki/Jacques_Villeneuve_(elder)"
199,"reutemann","\N","\N","Carlos","Reutemann",12-APR-42,"Argentine","http://en.wikipedia.org/wiki/Carlos_Reutemann"
200,"mass","\N","\N","Jochen","Mass",30-SEP-46,"German","http://en.wikipedia.org/wiki/Jochen_Mass"
201,"borgudd","\N","\N","Slim","Borgudd",25-NOV-46,"Swedish","http://en.wikipedia.org/wiki/Slim_Borgudd"
202,"pironi","\N","\N","Didier","Pironi",26-MAR-52,"French","http://en.wikipedia.org/wiki/Didier_Pironi"
203,"gilles_villeneuve","\N","\N","Gilles","Villeneuve",18-JAN-50,"Canadian","http://en.wikipedia.org/wiki/Gilles_Villeneuve"
204,"paletti","\N","\N","Riccardo","Paletti",15-JUN-58,"Italian","http://en.wikipedia.org/wiki/Riccardo_Paletti"
205,"henton","\N","\N","Brian","Henton",19-SEP-46,"British","http://en.wikipedia.org/wiki/Brian_Henton"
206,"daly","\N","\N","Derek","Daly",11-MAR-53,"Irish","http://en.wikipedia.org/wiki/Derek_Daly"
207,"mario_andretti","\N","\N","Mario","Andretti",28-FEB-40,"American","http://en.wikipedia.org/wiki/Mario_Andretti"
208,"villota","\N","\N","Emilio","de Villota",26-JUL-46,"Spanish","http://en.wikipedia.org/wiki/Emilio_de_Villota"
209,"lees","\N","\N","Geoff","Lees",01-MAY-51,"British","http://en.wikipedia.org/wiki/Geoff_Lees"
210,"byrne","\N","\N","Tommy","Byrne",06-MAY-58,"Irish","http://en.wikipedia.org/wiki/Tommy_Byrne_%28racing_driver%29"
211,"keegan","\N","\N","Rupert","Keegan",26-FEB-55,"British","http://en.wikipedia.org/wiki/Rupert_Keegan"
709,"klodwig","\N","\N","Ernst","Klodwig",23-MAY-03,"East German","http://en.wikipedia.org/wiki/Ernst_Klodwig"
710,"krause","\N","\N","Rudolf","Krause",30-MAR-07,"East German","http://en.wikipedia.org/wiki/Rudolf_Krause"
711,"karch","\N","\N","Oswald","Karch",06-MAR-17,"German","http://en.wikipedia.org/wiki/Oswald_Karch"
712,"heeks","\N","\N","Willi","Heeks",13-FEB-22,"German","http://en.wikipedia.org/wiki/Willi_Heeks"
713,"fitzau","\N","\N","Theo","Fitzau",10-FEB-23,"East German","http://en.wikipedia.org/wiki/Theo_Fitzau"
714,"adolff","\N","\N","Kurt","Adolff",05-NOV-21,"German","http://en.wikipedia.org/wiki/Kurt_Adolff"
715,"bechem","\N","\N","Günther","Bechem",21-DEC-21,"German","http://en.wikipedia.org/wiki/G%C3%BCnther_Bechem"
716,"bauer","\N","\N","Erwin","Bauer",17-JUL-12,"German","http://en.wikipedia.org/wiki/Erwin_Bauer"
717,"hans_stuck","\N","\N","Hans","von Stuck",27-DEC-00,"German","http://en.wikipedia.org/wiki/Hans_Von_Stuck"
718,"loof","\N","\N","Ernst","Loof",04-JUL-07,"German","http://en.wikipedia.org/wiki/Ernst_Loof"
719,"scherrer","\N","\N","Albert","Scherrer",28-FEB-08,"Swiss","http://en.wikipedia.org/wiki/Albert_Scherrer"
720,"terra","\N","\N","Max","de Terra",06-OCT-18,"Swiss","http://en.wikipedia.org/wiki/Max_de_Terra"
721,"hirt","\N","\N","Peter","Hirt",30-MAR-10,"Swiss","http://en.wikipedia.org/wiki/Peter_Hirt"
722,"carini","\N","\N","Piero","Carini",06-MAR-21,"Italian","http://en.wikipedia.org/wiki/Piero_Carini"
723,"fischer","\N","\N","Rudi","Fischer",19-APR-12,"Swiss","http://en.wikipedia.org/wiki/Rudi_Fischer"
724,"ulmen","\N","\N","Toni","Ulmen",25-JAN-06,"German","http://en.wikipedia.org/wiki/Toni_Ulmen"
725,"abecassis","\N","\N","George","Abecassis",21-MAR-13,"British","http://en.wikipedia.org/wiki/George_Abecassis"
726,"george_connor","\N","\N","George","Connor",16-AUG-06,"American","http://en.wikipedia.org/wiki/George_Connor_(driver)"
727,"rigsby","\N","\N","Jim","Rigsby",06-JUN-23,"American","http://en.wikipedia.org/wiki/Jim_Rigsby"
728,"james","\N","\N","Joe","James",23-MAY-25,"American","http://en.wikipedia.org/wiki/Joe_James_(racing_driver)"
729,"schindler","\N","\N","Bill","Schindler",06-MAR-09,"American","http://en.wikipedia.org/wiki/Bill_Schindler"
730,"fonder","\N","\N","George","Fonder",22-JUN-17,"American","http://en.wikipedia.org/wiki/George_Fonder"
731,"banks","\N","\N","Henry","Banks",14-JUN-13,"American","http://en.wikipedia.org/wiki/Henry_Banks"
732,"mcdowell","\N","\N","Johnny","McDowell",29-JAN-15,"American","http://en.wikipedia.org/wiki/Johnny_McDowell"
733,"miller","\N","\N","Chet","Miller",19-JUL-02,"American","http://en.wikipedia.org/wiki/Chet_Miller"
734,"ball","\N","\N","Bobby","Ball",26-AUG-25,"American","http://en.wikipedia.org/wiki/Bobby_Ball_(auto_racer)"
735,"tornaco","\N","\N","Charles","de Tornaco",07-JUN-27,"Belgian","http://en.wikipedia.org/wiki/Charles_de_Tornaco"
736,"laurent","\N","\N","Roger","Laurent",21-FEB-13,"Belgian","http://en.wikipedia.org/wiki/Roger_Laurent"
737,"obrien","\N","\N","Robert","O'Brien",11-APR-08,"American","http://en.wikipedia.org/wiki/Robert_O%27Brien_(auto_racer)"
738,"gaze","\N","\N","Tony","Gaze",03-FEB-20,"Australian","http://en.wikipedia.org/wiki/Tony_Gaze"
739,"charrington","\N","\N","Robin","Montgomerie-Charrington",23-JUN-15,"British","http://en.wikipedia.org/wiki/Robin_Montgomerie-Charrington"
740,"comotti","\N","\N","Franco","Comotti",24-JUL-06,"Italian","http://en.wikipedia.org/wiki/Franco_Comotti"
741,"etancelin","\N","\N","Philippe","Étancelin",28-DEC-96,"French","http://en.wikipedia.org/wiki/Philippe_%C3%89tancelin"
742,"poore","\N","\N","Dennis","Poore",19-AUG-16,"British","http://en.wikipedia.org/wiki/Dennis_Poore"
743,"thompson","\N","\N","Eric","Thompson",04-NOV-19,"British","http://en.wikipedia.org/wiki/Eric_Thompson_(racing_driver)"
744,"downing","\N","\N","Ken","Downing",05-DEC-17,"British","http://en.wikipedia.org/wiki/Ken_Downing"
745,"graham_whitehead","\N","\N","Graham","Whitehead",15-APR-22,"British","http://en.wikipedia.org/wiki/Graham_Whitehead"
746,"bianco","\N","\N","Gino","Bianco",22-JUL-16,"Brazilian","http://en.wikipedia.org/wiki/Gino_Bianco"
747,"murray","\N","\N","David","Murray",28-DEC-09,"British","http://en.wikipedia.org/wiki/David_Murray_(driver)"
748,"cantoni","\N","\N","Eitel","Cantoni",04-OCT-06,"Uruguayan","http://en.wikipedia.org/wiki/Eitel_Cantoni"
749,"aston","\N","\N","Bill","Aston",29-MAR-00,"British","http://en.wikipedia.org/wiki/Bill_Aston"
750,"brudes","\N","\N","Adolf","Brudes",15-OCT-99,"German","http://en.wikipedia.org/wiki/Adolf_Brudes"
751,"riess","\N","\N","Fritz","Riess",11-JUL-22,"German","http://en.wikipedia.org/wiki/Fritz_Riess"
752,"niedermayr","\N","\N","Helmut","Niedermayr",29-NOV-15,"German","http://en.wikipedia.org/wiki/Helmut_Niedermayr"
753,"klenk","\N","\N","Hans","Klenk",28-OCT-19,"German","http://en.wikipedia.org/wiki/Hans_Klenk"
754,"balsa","\N","\N","Marcel","Balsa",01-JAN-09,"French","http://en.wikipedia.org/wiki/Marcel_Balsa"
755,"schoeller","\N","\N","Rudolf","Schoeller",27-APR-02,"Swiss","http://en.wikipedia.org/wiki/Rudolf_Schoeller"
756,"pietsch","\N","\N","Paul","Pietsch",20-JUN-11,"German","http://en.wikipedia.org/wiki/Paul_Pietsch"
757,"peters","\N","\N","Josef","Peters",16-SEP-14,"German","http://en.wikipedia.org/wiki/Josef_Peters_(driver)"
758,"lof","\N","\N","Dries","van der Lof",23-AUG-19,"Dutch","http://en.wikipedia.org/wiki/Dries_van_der_Lof"
759,"flinterman","\N","\N","Jan","Flinterman",02-OCT-19,"Dutch","http://en.wikipedia.org/wiki/Jan_Flinterman"
760,"dusio","\N","\N","Piero","Dusio",13-OCT-99,"Italian","http://en.wikipedia.org/wiki/Piero_Dusio"
761,"crespo","\N","\N","Alberto","Crespo",16-JAN-20,"Argentine","http://en.wikipedia.org/wiki/Alberto_Crespo"
762,"rol","\N","\N","Franco","Rol",05-JUN-08,"Italian","http://en.wikipedia.org/wiki/Franco_Rol"
763,"sanesi","\N","\N","Consalvo","Sanesi",28-MAR-11,"Italian","http://en.wikipedia.org/wiki/Consalvo_Sanesi"
764,"guy_mairesse","\N","\N","Guy","Mairesse",10-AUG-10,"French","http://en.wikipedia.org/wiki/Guy_Mairesse"
765,"louveau","\N","\N","Henri","Louveau",25-JAN-10,"French","http://en.wikipedia.org/wiki/Henri_Louveau"
766,"wallard","\N","\N","Lee","Wallard",07-SEP-10,"American","http://en.wikipedia.org/wiki/Lee_Wallard"
767,"forberg","\N","\N","Carl","Forberg",04-MAR-11,"American","http://en.wikipedia.org/wiki/Carl_Forberg"
768,"rose","\N","\N","Mauri","Rose",26-MAY-06,"American","http://en.wikipedia.org/wiki/Mauri_Rose"
769,"mackey","\N","\N","Bill","Mackey",15-DEC-27,"American","http://en.wikipedia.org/wiki/Bill_Mackey"
770,"green","\N","\N","Cecil","Green",30-SEP-19,"American","http://en.wikipedia.org/wiki/Cecil_Green"
771,"walt_brown","\N","\N","Walt","Brown",30-DEC-11,"American","http://en.wikipedia.org/wiki/Walt_Brown_(auto_racer)"
772,"hellings","\N","\N","Mack","Hellings",14-SEP-15,"American","http://en.wikipedia.org/wiki/Mack_Hellings"
773,"levegh","\N","\N","Pierre","Levegh",22-DEC-05,"French","http://en.wikipedia.org/wiki/Pierre_Levegh"
774,"chaboud","\N","\N","Eugène","Chaboud",12-APR-07,"French","http://en.wikipedia.org/wiki/Eug%C3%A8ne_Chaboud"
775,"gordini","\N","\N","Aldo","Gordini",20-MAY-21,"French","http://en.wikipedia.org/wiki/Aldo_Gordini"
776,"kelly","\N","\N","Joe","Kelly",13-MAR-13,"Irish","http://en.wikipedia.org/wiki/Joe_Kelly_(Formula_One)"
777,"parker","\N","\N","Philip","Fotheringham-Parker",22-SEP-07,"British","http://en.wikipedia.org/wiki/Philip_Fotheringham-Parker"
778,"shawe_taylor","\N","\N","Brian","Shawe Taylor",28-JAN-15,"British","http://en.wikipedia.org/wiki/Brian_Shawe_Taylor"
779,"john_james","\N","\N","John","James",10-MAY-14,"British","http://en.wikipedia.org/wiki/John_James_(auto_racer)"
780,"branca","\N","\N","Toni","Branca",15-SEP-16,"Swiss","http://en.wikipedia.org/wiki/Toni_Branca"
781,"richardson","\N","\N","Ken","Richardson",21-AUG-11,"British","http://en.wikipedia.org/wiki/Ken_Richardson_(race_car_driver)"
782,"jover","\N","\N","Juan","Jover",23-NOV-03,"Spanish","http://en.wikipedia.org/wiki/Juan_Jover"
783,"grignard","\N","\N","Georges","Grignard",25-JUL-05,"French","http://en.wikipedia.org/wiki/Georges_Grignard"
784,"hampshire","\N","\N","David","Hampshire",29-DEC-17,"British","http://en.wikipedia.org/wiki/David_Hampshire"
785,"crossley","\N","\N","Geoff","Crossley",11-MAY-21,"British","http://en.wikipedia.org/wiki/Geoff_Crossley"
786,"fagioli","\N","\N","Luigi","Fagioli",09-JUN-98,"Italian","http://en.wikipedia.org/wiki/Luigi_Fagioli"
787,"harrison","\N","\N","Cuth","Harrison",06-JUL-06,"British","http://en.wikipedia.org/wiki/Cuth_Harrison"
788,"fry","\N","\N","Joe","Fry",26-OCT-15,"British","http://en.wikipedia.org/wiki/Joe_Fry"
789,"martin","\N","\N","Eugène","Martin",24-MAR-15,"French","http://en.wikipedia.org/wiki/Eug%C3%A8ne_Martin"
790,"leslie_johnson","\N","\N","Leslie","Johnson",22-MAR-12,"British","http://en.wikipedia.org/wiki/Leslie_Johnson_(racing_driver)"
791,"biondetti","\N","\N","Clemente","Biondetti",18-AUG-98,"Italian","http://en.wikipedia.org/wiki/Clemente_Biondetti"
792,"pian","\N","\N","Alfredo","Pián",21-OCT-12,"Argentine","http://en.wikipedia.org/wiki/Alfredo_Pi%C3%A0n"
793,"sommer","\N","\N","Raymond","Sommer",31-AUG-06,"French","http://en.wikipedia.org/wiki/Raymond_Sommer"
794,"chitwood","\N","\N","Joie","Chitwood",14-APR-12,"American","http://en.wikipedia.org/wiki/Joie_Chitwood"
795,"fohr","\N","\N","Myron","Fohr",17-JUN-12,"American","http://en.wikipedia.org/wiki/Myron_Fohr"
796,"ader","\N","\N","Walt","Ader",15-DEC-13,"American","http://en.wikipedia.org/wiki/Walt_Ader"
797,"holmes","\N","\N","Jackie","Holmes",04-SEP-20,"American","http://en.wikipedia.org/wiki/Jackie_Holmes"
798,"levrett","\N","\N","Bayliss","Levrett",14-FEB-14,"American","http://en.wikipedia.org/wiki/Bayliss_Levrett"
799,"jackson","\N","\N","Jimmy","Jackson",25-JUL-10,"American","http://en.wikipedia.org/wiki/Jimmy_Jackson_(driver)"
800,"pagani","\N","\N","Nello","Pagani",11-OCT-11,"Italian","http://en.wikipedia.org/wiki/Nello_Pagani"
801,"pozzi","\N","\N","Charles","Pozzi",27-AUG-09,"French","http://en.wikipedia.org/wiki/Charles_Pozzi"
802,"serafini","\N","\N","Dorino","Serafini",22-JUL-09,"Italian","http://en.wikipedia.org/wiki/Dorino_Serafini"
803,"cantrell","\N","\N","Bill","Cantrell",31-JAN-08,"American","http://en.wikipedia.org/wiki/William_Cantrell"
804,"mantz","\N","\N","Johnny","Mantz",18-SEP-18,"American","http://en.wikipedia.org/wiki/Johnny_Mantz"
805,"kladis","\N","\N","Danny","Kladis",10-FEB-17,"American","http://en.wikipedia.org/wiki/Danny_Kladis"
806,"oscar_gonzalez","\N","\N","Óscar","González",10-NOV-23,"Uruguayan","http://en.wikipedia.org/wiki/Oscar_Gonz%C3%A1lez_(racing_driver)"
807,"hulkenberg","27","HUL","Nico","Hülkenberg",19-AUG-87,"German","http://en.wikipedia.org/wiki/Nico_H%C3%BClkenberg"
808,"petrov","\N","PET","Vitaly","Petrov",08-SEP-84,"Russian","http://en.wikipedia.org/wiki/Vitaly_Petrov"
810,"grassi","\N","DIG","Lucas","di Grassi",11-AUG-84,"Brazilian","http://en.wikipedia.org/wiki/Lucas_di_Grassi"
811,"bruno_senna","\N","SEN","Bruno","Senna",15-OCT-83,"Brazilian","http://en.wikipedia.org/wiki/Bruno_Senna"
812,"chandhok","\N","CHA","Karun","Chandhok",19-JAN-84,"Indian","http://en.wikipedia.org/wiki/Karun_Chandhok"
813,"maldonado","13","MAL","Pastor","Maldonado",09-MAR-85,"Venezuelan","http://en.wikipedia.org/wiki/Pastor_Maldonado"
814,"resta","\N","DIR","Paul","di Resta",16-APR-86,"British","http://en.wikipedia.org/wiki/Paul_di_Resta"
815,"perez","11","PER","Sergio","Pérez",26-JAN-90,"Mexican","http://en.wikipedia.org/wiki/Sergio_P%C3%A9rez"
816,"ambrosio","\N","DAM","Jérôme","d'Ambrosio",27-DEC-85,"Belgian","http://en.wikipedia.org/wiki/J%C3%A9r%C3%B4me_d%27Ambrosio"
817,"ricciardo","3","RIC","Daniel","Ricciardo",01-JUL-89,"Australian","http://en.wikipedia.org/wiki/Daniel_Ricciardo"
818,"vergne","25","VER","Jean-Éric","Vergne",25-APR-90,"French","http://en.wikipedia.org/wiki/Jean-%C3%89ric_Vergne"
819,"pic","\N","PIC","Charles","Pic",15-FEB-90,"French","http://en.wikipedia.org/wiki/Charles_Pic"
820,"chilton","4","CHI","Max","Chilton",21-APR-91,"British","http://en.wikipedia.org/wiki/Max_Chilton"
821,"gutierrez","21","GUT","Esteban","Gutiérrez",05-AUG-91,"Mexican","http://en.wikipedia.org/wiki/Esteban_Guti%C3%A9rrez"
822,"bottas","77","BOT","Valtteri","Bottas",28-AUG-89,"Finnish","http://en.wikipedia.org/wiki/Valtteri_Bottas"
823,"garde","\N","VDG","Giedo","van der Garde",25-APR-85,"Dutch","http://en.wikipedia.org/wiki/Giedo_van_der_Garde"
824,"jules_bianchi","17","BIA","Jules","Bianchi",03-AUG-89,"French","http://en.wikipedia.org/wiki/Jules_Bianchi"
825,"kevin_magnussen","20","MAG","Kevin","Magnussen",05-OCT-92,"Danish","http://en.wikipedia.org/wiki/Kevin_Magnussen"
826,"kvyat","26","KVY","Daniil","Kvyat",26-APR-94,"Russian","http://en.wikipedia.org/wiki/Daniil_Kvyat"
827,"lotterer","45","LOT","André","Lotterer",19-NOV-81,"German","http://en.wikipedia.org/wiki/Andr%C3%A9_Lotterer"
828,"ericsson","9","ERI","Marcus","Ericsson",02-SEP-90,"Swedish","http://en.wikipedia.org/wiki/Marcus_Ericsson"
829,"stevens","28","STE","Will","Stevens",28-JUN-91,"British","http://en.wikipedia.org/wiki/Will_Stevens"
830,"max_verstappen","33","VER","Max","Verstappen",30-SEP-97,"Dutch","http://en.wikipedia.org/wiki/Max_Verstappen"
831,"nasr","12","NAS","Felipe","Nasr",21-AUG-92,"Brazilian","http://en.wikipedia.org/wiki/Felipe_Nasr"
832,"sainz","55","SAI","Carlos","Sainz",01-SEP-94,"Spanish","http://en.wikipedia.org/wiki/Carlos_Sainz_Jr."
833,"merhi","98","MER","Roberto","Merhi",22-MAR-91,"Spanish","http://en.wikipedia.org/wiki/Roberto_Merhi"
834,"rossi","53","RSS","Alexander","Rossi",25-SEP-91,"American","http://en.wikipedia.org/wiki/Alexander_Rossi_%28racing_driver%29"
835,"jolyon_palmer","30","PAL","Jolyon","Palmer",20-JAN-91,"British","http://en.wikipedia.org/wiki/Jolyon_Palmer"
836,"wehrlein","94","WEH","Pascal","Wehrlein",18-OCT-94,"German","http://en.wikipedia.org/wiki/Pascal_Wehrlein"
837,"haryanto","88","HAR","Rio","Haryanto",22-JAN-93,"Indonesian","http://en.wikipedia.org/wiki/Rio_Haryanto"
838,"vandoorne","2","VAN","Stoffel","Vandoorne",26-MAR-92,"Belgian","http://en.wikipedia.org/wiki/Stoffel_Vandoorne"
839,"ocon","31","OCO","Esteban","Ocon",17-SEP-96,"French","http://en.wikipedia.org/wiki/Esteban_Ocon"
840,"stroll","18","STR","Lance","Stroll",29-OCT-98,"Canadian","http://en.wikipedia.org/wiki/Lance_Stroll"
841,"giovinazzi","99","GIO","Antonio","Giovinazzi",14-DEC-93,"Italian","http://en.wikipedia.org/wiki/Antonio_Giovinazzi"
843,"brendon_hartley","28","HAR","Brendon","Hartley",10-NOV-89,"New Zealander","http://en.wikipedia.org/wiki/Brendon_Hartley"
844,"leclerc","16","LEC","Charles","Leclerc",16-OCT-97,"Monegasque","http://en.wikipedia.org/wiki/Charles_Leclerc"
845,"sirotkin","35","SIR","Sergey","Sirotkin",27-AUG-95,"Russian","http://en.wikipedia.org/wiki/Sergey_Sirotkin_(racing_driver)"
846,"norris","4","NOR","Lando","Norris",13-NOV-99,"British","http://en.wikipedia.org/wiki/Lando_Norris"
847,"russell","63","RUS","George","Russell",15-FEB-98,"British","http://en.wikipedia.org/wiki/George_Russell_%28racing_driver%29"
848,"albon","23","ALB","Alexander","Albon",23-MAR-96,"Thai","http://en.wikipedia.org/wiki/Alexander_Albon"
849,"latifi","6","LAT","Nicholas","Latifi",29-JUN-95,"Canadian","http://en.wikipedia.org/wiki/Nicholas_Latifi"
850,"pietro_fittipaldi","51","FIT","Pietro","Fittipaldi",25-JUN-96,"Brazilian","http://en.wikipedia.org/wiki/Pietro_Fittipaldi"
851,"aitken","89","AIT","Jack","Aitken",23-SEP-95,"British","http://en.wikipedia.org/wiki/Jack_Aitken"
852,"tsunoda","22","TSU","Yuki","Tsunoda",11-MAY-00,"Japanese","http://en.wikipedia.org/wiki/Yuki_Tsunoda"
853,"mazepin","9","MAZ","Nikita","Mazepin",02-MAR-99,"Russian","http://en.wikipedia.org/wiki/Nikita_Mazepin"
854,"mick_schumacher","47","MSC","Mick","Schumacher",22-MAR-99,"German","http://en.wikipedia.org/wiki/Mick_Schumacher"
354,"craft","\N","\N","Chris","Craft",17-NOV-39,"British","http://en.wikipedia.org/wiki/Chris_Craft_(racing_driver)"
355,"Cannoc","\N","\N","John","Cannon",21-JUN-33,"Canadian","http://en.wikipedia.org/wiki/John_Cannon_(auto_racer)"
356,"jack_brabham","\N","\N","Jack","Brabham",02-APR-26,"Australian","http://en.wikipedia.org/wiki/Jack_Brabham"
357,"miles","\N","\N","John","Miles",14-JUN-43,"British","http://en.wikipedia.org/wiki/John_Miles_(auto_racer)"
358,"rindt","\N","\N","Jochen","Rindt",18-APR-42,"Austrian","http://en.wikipedia.org/wiki/Jochen_Rindt"
359,"gavin","\N","\N","Johnny","Servoz-Gavin",18-JAN-42,"French","http://en.wikipedia.org/wiki/Johnny_Servoz-Gavin"
360,"mclaren","\N","\N","Bruce","McLaren",30-AUG-37,"New Zealander","http://en.wikipedia.org/wiki/Bruce_McLaren"
361,"courage","\N","\N","Piers","Courage",27-MAY-42,"British","http://en.wikipedia.org/wiki/Piers_Courage"
362,"klerk","\N","\N","Peter","de Klerk",16-MAR-35,"South African","http://en.wikipedia.org/wiki/Peter_de_Klerk"
363,"giunti","\N","\N","Ignazio","Giunti",30-AUG-41,"Italian","http://en.wikipedia.org/wiki/Ignazio_Giunti"
364,"gurney","\N","\N","Dan","Gurney",13-APR-31,"American","http://en.wikipedia.org/wiki/Dan_Gurney"
365,"hahne","\N","\N","Hubert","Hahne",28-MAR-35,"German","http://en.wikipedia.org/wiki/Hubert_Hahne"
366,"hutchison","\N","\N","Gus","Hutchison",26-APR-37,"American","http://en.wikipedia.org/wiki/Gus_Hutchison"
367,"westbury","\N","\N","Peter","Westbury",26-MAY-38,"British","http://en.wikipedia.org/wiki/Peter_Westbury"
368,"tingle","\N","\N","Sam","Tingle",24-AUG-21,"Rhodesian","http://en.wikipedia.org/wiki/Sam_Tingle"
369,"rooyen","\N","\N","Basil","van Rooyen",19-APR-39,"South African","http://en.wikipedia.org/wiki/Basil_van_Rooyen"
370,"attwood","\N","\N","Richard","Attwood",04-APR-40,"British","http://en.wikipedia.org/wiki/Richard_Attwood"
371,"pease","\N","\N","Al","Pease",15-OCT-21,"Canadian","http://en.wikipedia.org/wiki/Al_Pease"
372,"cordts","\N","\N","John","Cordts",23-JUL-35,"Canadian","http://en.wikipedia.org/wiki/John_Cordts"
373,"clark","\N","\N","Jim","Clark",04-MAR-36,"British","http://en.wikipedia.org/wiki/Jim_Clark"
374,"spence","\N","\N","Mike","Spence",30-DEC-36,"British","http://en.wikipedia.org/wiki/Mike_Spence"
375,"scarfiotti","\N","\N","Ludovico","Scarfiotti",18-OCT-33,"Italian","http://en.wikipedia.org/wiki/Ludovico_Scarfiotti"
376,"bianchi","\N","BIA","Lucien","Bianchi",10-NOV-34,"Belgian","http://en.wikipedia.org/wiki/Lucien_Bianchi"
377,"jo_schlesser","\N","\N","Jo","Schlesser",18-MAY-28,"French","http://en.wikipedia.org/wiki/Jo_Schlesser"
378,"widdows","\N","\N","Robin","Widdows",27-MAY-42,"British","http://en.wikipedia.org/wiki/Robin_Widdows"
379,"ahrens","\N","\N","Kurt","Ahrens",19-APR-40,"German","http://en.wikipedia.org/wiki/Kurt_Ahrens,_Jr."
380,"gardner","\N","\N","Frank","Gardner",01-OCT-30,"Australian","http://en.wikipedia.org/wiki/Frank_Gardner_(driver)"
381,"unser","\N","\N","Bobby","Unser",20-FEB-34,"American","http://en.wikipedia.org/wiki/Bobby_Unser"
382,"solana","\N","\N","Moisés","Solana",26-DEC-35,"Mexican","http://en.wikipedia.org/wiki/Mois%C3%A9s_Solana"
383,"anderson","\N","\N","Bob","Anderson",19-MAY-31,"British","http://en.wikipedia.org/wiki/Bob_Anderson_(racing_driver)"
384,"botha","\N","\N","Luki","Botha",16-JAN-30,"South African","http://en.wikipedia.org/wiki/Luki_Botha"
385,"bandini","\N","\N","Lorenzo","Bandini",21-DEC-35,"Italian","http://en.wikipedia.org/wiki/Lorenzo_Bandini"
386,"ginther","\N","\N","Richie","Ginther",05-AUG-30,"American","http://en.wikipedia.org/wiki/Richie_Ginther"
387,"parkes","\N","\N","Mike","Parkes",24-SEP-31,"British","http://en.wikipedia.org/wiki/Mike_Parkes"
388,"irwin","\N","\N","Chris","Irwin",27-JUN-42,"British","http://en.wikipedia.org/wiki/Chris_Irwin"
389,"ligier","\N","\N","Guy","Ligier",12-JUL-30,"French","http://en.wikipedia.org/wiki/Guy_Ligier"
390,"rees","\N","\N","Alan","Rees",12-JAN-38,"British","http://en.wikipedia.org/wiki/Alan_Rees_(racing_driver)"
391,"hart","\N","\N","Brian","Hart",07-SEP-36,"British","http://en.wikipedia.org/wiki/Brian_Hart"
392,"fisher","\N","\N","Mike","Fisher",13-MAR-43,"American","http://en.wikipedia.org/wiki/Mike_Fisher_(driver)"
393,"tom_jones","\N","\N","Tom","Jones",26-APR-43,"American","http://en.wikipedia.org/wiki/Tom_Jones_(auto_racer)"
394,"baghetti","\N","\N","Giancarlo","Baghetti",25-DEC-34,"Italian","http://en.wikipedia.org/wiki/Giancarlo_Baghetti"
395,"williams","\N","\N","Jonathan","Williams",26-OCT-42,"British","http://en.wikipedia.org/wiki/Jonathan_Williams_(racing_driver)"
396,"bondurant","\N","\N","Bob","Bondurant",27-APR-33,"American","http://en.wikipedia.org/wiki/Bob_Bondurant"
397,"arundell","\N","\N","Peter","Arundell",08-NOV-33,"British","http://en.wikipedia.org/wiki/Peter_Arundell"
398,"vic_wilson","\N","\N","Vic","Wilson",14-APR-31,"British","http://en.wikipedia.org/wiki/Vic_Wilson_(motor_racing_driver)"
399,"taylor","\N","\N","John","Taylor",23-MAR-33,"British","http://en.wikipedia.org/wiki/John_Taylor_(racer)"
400,"lawrence","\N","\N","Chris","Lawrence",27-JUL-33,"British","http://en.wikipedia.org/wiki/Chris_Lawrence_(racing_driver)"
401,"trevor_taylor","\N","\N","Trevor","Taylor",26-DEC-36,"British","http://en.wikipedia.org/wiki/Trevor_Taylor"
402,"geki","\N","\N","Giacomo","Russo",23-OCT-37,"Italian","http://en.wikipedia.org/wiki/Geki_(driver)"
403,"phil_hill","\N","\N","Phil","Hill",20-APR-27,"American","http://en.wikipedia.org/wiki/Phil_Hill"
404,"ireland","\N","\N","Innes","Ireland",12-JUN-30,"British","http://en.wikipedia.org/wiki/Innes_Ireland"
405,"bucknum","\N","\N","Ronnie","Bucknum",05-APR-36,"American","http://en.wikipedia.org/wiki/Ronnie_Bucknum"
406,"hawkins","\N","\N","Paul","Hawkins",12-OCT-37,"Australian","http://en.wikipedia.org/wiki/Paul_Hawkins_(racing_driver)"
407,"prophet","\N","\N","David","Prophet",09-OCT-37,"British","http://en.wikipedia.org/wiki/David_Prophet"
408,"maggs","\N","\N","Tony","Maggs",09-FEB-37,"South African","http://en.wikipedia.org/wiki/Tony_Maggs"
409,"blokdyk","\N","\N","Trevor","Blokdyk",30-NOV-35,"South African","http://en.wikipedia.org/wiki/Trevor_Blokdyk"
410,"lederle","\N","\N","Neville","Lederle",25-SEP-38,"South African","http://en.wikipedia.org/wiki/Neville_Lederle"
411,"serrurier","\N","\N","Doug","Serrurier",09-DEC-20,"South African","http://en.wikipedia.org/wiki/Doug_Serrurier"
412,"niemann","\N","\N","Brausch","Niemann",07-JAN-39,"South African","http://en.wikipedia.org/wiki/Brausch_Niemann"
413,"pieterse","\N","\N","Ernie","Pieterse",04-JUL-38,"South African","http://en.wikipedia.org/wiki/Ernie_Pieterse"
414,"puzey","\N","\N","Clive","Puzey",11-JUL-41,"Rhodesian","http://en.wikipedia.org/wiki/Clive_Puzey"
415,"reed","\N","\N","Ray","Reed",30-APR-32,"South African","http://en.wikipedia.org/wiki/Ray_Reed"
416,"clapham","\N","\N","David","Clapham",18-MAY-31,"South African","http://en.wikipedia.org/wiki/David_Clapham"
417,"blignaut","\N","\N","Alex","Blignaut",30-NOV-32,"South African","http://en.wikipedia.org/wiki/Alex_Blignaut"
418,"gregory","\N","\N","Masten","Gregory",29-FEB-32,"American","http://en.wikipedia.org/wiki/Masten_Gregory"
419,"rhodes","\N","\N","John","Rhodes",18-AUG-27,"British","http://en.wikipedia.org/wiki/John_Rhodes_(driver)"
420,"raby","\N","\N","Ian","Raby",22-SEP-21,"British","http://en.wikipedia.org/wiki/Ian_Raby"
421,"rollinson","\N","\N","Alan","Rollinson",15-MAY-43,"British","http://en.wikipedia.org/wiki/Alan_Rollinson"
422,"gubby","\N","\N","Brian","Gubby",17-APR-34,"British","http://en.wikipedia.org/wiki/Brian_Gubby"
423,"mitter","\N","\N","Gerhard","Mitter",30-AUG-35,"German","http://en.wikipedia.org/wiki/Gerhard_Mitter"
424,"bussinello","\N","\N","Roberto","Bussinello",04-OCT-27,"Italian","http://en.wikipedia.org/wiki/Roberto_Bussinello"
425,"vaccarella","\N","\N","Nino","Vaccarella",04-MAR-33,"Italian","http://en.wikipedia.org/wiki/Nino_Vaccarella"
426,"bassi","\N","\N","Giorgio","Bassi",20-JAN-34,"Italian","http://en.wikipedia.org/wiki/Giorgio_Bassi"
427,"trintignant","\N","\N","Maurice","Trintignant",30-OCT-17,"French","http://en.wikipedia.org/wiki/Maurice_Trintignant"
428,"collomb","\N","\N","Bernard","Collomb",07-OCT-30,"French","http://en.wikipedia.org/wiki/Bernard_Collomb"
429,"andre_pilette","\N","\N","André","Pilette",06-OCT-18,"Belgian","http://en.wikipedia.org/wiki/Andr%C3%A9_Pilette"
430,"beaufort","\N","\N","Carel Godin","de Beaufort",10-APR-34,"Dutch","http://en.wikipedia.org/wiki/Carel_Godin_de_Beaufort"
431,"barth","\N","\N","Edgar","Barth",26-JAN-17,"German","http://en.wikipedia.org/wiki/Edgar_Barth"
432,"cabral","\N","\N","Mário de Araújo","Cabral",15-JAN-34,"Portuguese","http://en.wikipedia.org/wiki/Mario_de_Araujo_Cabral"
433,"hansgen","\N","\N","Walt","Hansgen",28-OCT-19,"American","http://en.wikipedia.org/wiki/Walt_Hansgen"
434,"sharp","\N","\N","Hap","Sharp",01-JAN-28,"American","http://en.wikipedia.org/wiki/Hap_Sharp"
435,"mairesse","\N","\N","Willy","Mairesse",01-OCT-28,"Belgian","http://en.wikipedia.org/wiki/Willy_Mairesse"
436,"campbell-jones","\N","\N","John","Campbell-Jones",21-JAN-30,"British","http://en.wikipedia.org/wiki/John_Campbell-Jones"
437,"burgess","\N","\N","Ian","Burgess",06-JUL-30,"British","http://en.wikipedia.org/wiki/Ian_Burgess"
438,"settember","\N","\N","Tony","Settember",10-JUL-26,"American","http://en.wikipedia.org/wiki/Tony_Settember"
439,"estefano","\N","\N","Nasif","Estéfano",18-NOV-32,"Argentine","http://en.wikipedia.org/wiki/Nasif_Est%C3%A9fano"
440,"hall","\N","\N","Jim","Hall",23-JUL-35,"American","http://en.wikipedia.org/wiki/Jim_Hall_(race_car_driver)"
441,"parnell","\N","\N","Tim","Parnell",25-JUN-32,"British","http://en.wikipedia.org/wiki/Tim_Parnell"
442,"kuhnke","\N","\N","Kurt","Kuhnke",30-APR-10,"German","http://en.wikipedia.org/wiki/Kurt_Kuhnke"
443,"ernesto_brambilla","\N","\N","Ernesto","Brambilla",31-JAN-34,"Italian","http://en.wikipedia.org/wiki/Ernesto_Brambilla"
444,"lippi","\N","\N","Roberto","Lippi",17-OCT-26,"Italian","http://en.wikipedia.org/wiki/Roberto_Lippi"
445,"seiffert","\N","\N","Günther","Seiffert",18-OCT-37,"German","http://en.wikipedia.org/wiki/G%C3%BCnther_Seiffert"
446,"abate","\N","\N","Carlo","Abate",10-JUL-32,"Italian","http://en.wikipedia.org/wiki/Carlo_Mario_Abate"
447,"starrabba","\N","\N","Gaetano","Starrabba",03-DEC-32,"Italian","http://en.wikipedia.org/wiki/Gaetano_Starrabba"
448,"broeker","\N","\N","Peter","Broeker",15-MAY-26,"Canadian","http://en.wikipedia.org/wiki/Peter_Broeker"
449,"ward","\N","\N","Rodger","Ward",10-JAN-21,"American","http://en.wikipedia.org/wiki/Rodger_Ward"
450,"vos","\N","\N","Ernie","de Vos",01-JUL-41,"Dutch","http://en.wikipedia.org/wiki/Ernie_de_Vos"
451,"dochnal","\N","\N","Frank","Dochnal",08-OCT-20,"American","http://en.wikipedia.org/wiki/Frank_Dochnal"
452,"monarch","\N","\N","Thomas","Monarch",03-SEP-45,"American","http://en.wikipedia.org/wiki/Talk:1963_Mexican_Grand_Prix#Who_was_Thomas_Monarch.3F"
842,"gasly","10","GAS","Pierre","Gasly",07-FEB-96,"French","http://en.wikipedia.org/wiki/Pierre_Gasly"
453,"lewis","\N","\N","Jackie","Lewis",01-NOV-36,"British","http://en.wikipedia.org/wiki/Jackie_Lewis"
454,"ricardo_rodriguez","\N","\N","Ricardo","Rodríguez",14-FEB-42,"Mexican","http://en.wikipedia.org/wiki/Ricardo_Rodr%C3%ADguez_(Formula_One)"
455,"seidel","\N","\N","Wolfgang","Seidel",04-JUL-26,"German","http://en.wikipedia.org/wiki/Wolfgang_Seidel"
456,"salvadori","\N","\N","Roy","Salvadori",12-MAY-22,"British","http://en.wikipedia.org/wiki/Roy_Salvadori"
457,"pon","\N","\N","Ben","Pon",09-DEC-36,"Dutch","http://en.wikipedia.org/wiki/Ben_Pon"
458,"slotemaker","\N","\N","Rob","Slotemaker",13-JUN-29,"Dutch","http://en.wikipedia.org/wiki/Rob_Slotemaker"
459,"marsh","\N","\N","Tony","Marsh",20-JUL-31,"British","http://en.wikipedia.org/wiki/Tony_Marsh_(racing_driver)"
460,"ashmore","\N","\N","Gerry","Ashmore",25-JUL-36,"British","http://en.wikipedia.org/wiki/Gerry_Ashmore"
461,"schiller","\N","\N","Heinz","Schiller",25-JAN-30,"Swiss","http://en.wikipedia.org/wiki/Heinz_Schiller"
462,"davis","\N","\N","Colin","Davis",29-JUL-33,"British","http://en.wikipedia.org/wiki/Colin_Davis_(driver)"
463,"chamberlain","\N","\N","Jay","Chamberlain",29-DEC-25,"American","http://en.wikipedia.org/wiki/Jay_Chamberlain"
464,"shelly","\N","\N","Tony","Shelly",02-FEB-37,"New Zealander","http://en.wikipedia.org/wiki/Tony_Shelly"
465,"greene","\N","\N","Keith","Greene",05-JAN-38,"British","http://en.wikipedia.org/wiki/Keith_Greene"
466,"walter","\N","\N","Heini","Walter",28-JUL-27,"Swiss","http://en.wikipedia.org/wiki/Heini_Walter"
467,"prinoth","\N","\N","Ernesto","Prinoth",15-APR-23,"Italian","http://en.wikipedia.org/wiki/Ernesto_Prinoth"
468,"penske","\N","\N","Roger","Penske",20-FEB-37,"American","http://en.wikipedia.org/wiki/Roger_Penske"
469,"schroeder","\N","\N","Rob","Schroeder",11-MAY-26,"British","http://en.wikipedia.org/wiki/Rob_Schroeder"
470,"mayer","\N","\N","Timmy","Mayer",22-FEB-38,"American","http://en.wikipedia.org/wiki/Timmy_Mayer"
471,"johnstone","\N","\N","Bruce","Johnstone",30-JAN-37,"South African","http://en.wikipedia.org/wiki/Bruce_Johnstone_(racing_driver)"
472,"harris","\N","\N","Mike","Harris",25-MAY-39,"South African","http://en.wikipedia.org/wiki/Mike_Harris_(race_car_driver)"
473,"hocking","\N","\N","Gary","Hocking",30-SEP-37,"Rhodesian","http://en.wikipedia.org/wiki/Gary_Hocking"
474,"vyver","\N","\N","Syd","van der Vyver",01-JUN-20,"South African","http://en.wikipedia.org/wiki/Syd_van_der_Vyver"
475,"moss","\N","\N","Stirling","Moss",17-SEP-29,"British","http://en.wikipedia.org/wiki/Stirling_Moss"
476,"trips","\N","\N","Wolfgang","von Trips",04-MAY-28,"German","http://en.wikipedia.org/wiki/Wolfgang_Graf_Berghe_von_Trips"
477,"allison","\N","\N","Cliff","Allison",08-FEB-32,"British","http://en.wikipedia.org/wiki/Cliff_Allison"
478,"herrmann","\N","\N","Hans","Herrmann",23-FEB-28,"German","http://en.wikipedia.org/wiki/Hans_Herrmann"
479,"brooks","\N","\N","Tony","Brooks",25-FEB-32,"British","http://en.wikipedia.org/wiki/Tony_Brooks"
480,"may","\N","\N","Michael","May",18-AUG-34,"Swiss","http://en.wikipedia.org/wiki/Michael_May_(racing_driver)"
481,"henry_taylor","\N","\N","Henry","Taylor",16-DEC-32,"British","http://en.wikipedia.org/wiki/Henry_Taylor_(racing_driver)"
482,"gendebien","\N","\N","Olivier","Gendebien",12-JAN-24,"Belgian","http://en.wikipedia.org/wiki/Olivier_Gendebien"
483,"scarlatti","\N","\N","Giorgio","Scarlatti",02-OCT-21,"Italian","http://en.wikipedia.org/wiki/Giorgio_Scarlatti"
484,"naylor","\N","\N","Brian","Naylor",24-MAR-23,"British","http://en.wikipedia.org/wiki/Brian_Naylor"
485,"bordeu","\N","\N","Juan Manuel","Bordeu",28-JAN-34,"Argentine","http://en.wikipedia.org/wiki/Juan_Manuel_Bordeu"
486,"fairman","\N","\N","Jack","Fairman",15-MAR-13,"British","http://en.wikipedia.org/wiki/Jack_Fairman"
487,"natili","\N","\N","Massimo","Natili",28-JUL-35,"Italian","http://en.wikipedia.org/wiki/Massimo_Natili"
488,"monteverdi","\N","\N","Peter","Monteverdi",07-JUN-34,"Swiss","http://en.wikipedia.org/wiki/Peter_Monteverdi"
489,"pirocchi","\N","\N","Renato","Pirocchi",26-MAR-33,"Italian","http://en.wikipedia.org/wiki/Renato_Pirocchi"
490,"duke","\N","\N","Geoff","Duke",29-MAR-23,"British","http://en.wikipedia.org/wiki/Geoff_Duke"
491,"thiele","\N","\N","Alfonso","Thiele",05-APR-20,"American-Italian","http://en.wikipedia.org/wiki/Alfonso_Thiele"
492,"boffa","\N","\N","Menato","Boffa",04-JAN-30,"Italian","http://en.wikipedia.org/wiki/Menato_Boffa"
493,"ryan","\N","\N","Peter","Ryan",10-JUN-40,"Canadian","http://en.wikipedia.org/wiki/Peter_Ryan_(driver)"
494,"ruby","\N","\N","Lloyd","Ruby",12-JAN-28,"American","http://en.wikipedia.org/wiki/Lloyd_Ruby"
495,"ken_miles","\N","\N","Ken","Miles",01-NOV-18,"British","http://en.wikipedia.org/wiki/Ken_Miles"
496,"menditeguy","\N","\N","Carlos","Menditeguy",10-AUG-14,"Argentine","http://en.wikipedia.org/wiki/Carlos_Menditeguy"
497,"larreta","\N","\N","Alberto Rodriguez","Larreta",14-JAN-34,"Argentine","http://en.wikipedia.org/wiki/Alberto_Rodriguez_Larreta"
498,"gonzalez","\N","\N","José Froilán","González",05-OCT-22,"Argentine","http://en.wikipedia.org/wiki/Jos%C3%A9_Froil%C3%A1n_Gonz%C3%A1lez"
499,"bonomi","\N","\N","Roberto","Bonomi",30-SEP-19,"Argentine","http://en.wikipedia.org/wiki/Roberto_Bonomi"
500,"munaron","\N","\N","Gino","Munaron",02-APR-28,"Italian","http://en.wikipedia.org/wiki/Gino_Munaron"
501,"schell","\N","\N","Harry","Schell",29-JUN-21,"American","http://en.wikipedia.org/wiki/Harry_Schell"
502,"stacey","\N","\N","Alan","Stacey",29-AUG-33,"British","http://en.wikipedia.org/wiki/Alan_Stacey"
503,"chimeri","\N","\N","Ettore","Chimeri",04-JUN-21,"Venezuelan","http://en.wikipedia.org/wiki/Ettore_Chimeri"
504,"creus","\N","\N","Antonio","Creus",28-OCT-24,"Spanish","http://en.wikipedia.org/wiki/Antonio_Creus"
505,"bristow","\N","\N","Chris","Bristow",02-DEC-37,"British","http://en.wikipedia.org/wiki/Chris_Bristow"
506,"halford","\N","\N","Bruce","Halford",18-MAY-31,"British","http://en.wikipedia.org/wiki/Bruce_Halford"
507,"daigh","\N","\N","Chuck","Daigh",29-NOV-23,"American","http://en.wikipedia.org/wiki/Chuck_Daigh"
508,"reventlow","\N","\N","Lance","Reventlow",24-FEB-36,"American","http://en.wikipedia.org/wiki/Lance_Reventlow"
509,"rathmann","\N","\N","Jim","Rathmann",16-JUL-28,"American","http://en.wikipedia.org/wiki/Jim_Rathmann"
510,"goldsmith","\N","\N","Paul","Goldsmith",02-OCT-25,"American","http://en.wikipedia.org/wiki/Paul_Goldsmith"
511,"branson","\N","\N","Don","Branson",02-JUN-20,"American","http://en.wikipedia.org/wiki/Don_Branson"
512,"thomson","\N","\N","Johnny","Thomson",09-APR-22,"American","http://en.wikipedia.org/wiki/Johnny_Thomson"
513,"johnson","\N","\N","Eddie","Johnson",10-FEB-19,"American","http://en.wikipedia.org/wiki/Eddie_Johnson_(auto_racer)"
514,"veith","\N","\N","Bob","Veith",01-NOV-26,"American","http://en.wikipedia.org/wiki/Bob_Veith"
515,"tingelstad","\N","\N","Bud","Tingelstad",04-APR-28,"American","http://en.wikipedia.org/wiki/Bud_Tingelstad"
516,"christie","\N","\N","Bob","Christie",04-APR-24,"American","http://en.wikipedia.org/wiki/Bob_Christie_(racing_driver)"
517,"amick","\N","\N","Red","Amick",19-JAN-29,"American","http://en.wikipedia.org/wiki/Red_Amick"
518,"darter","\N","\N","Duane","Carter",05-MAY-13,"American","http://en.wikipedia.org/wiki/Duane_Carter"
519,"homeier","\N","\N","Bill","Homeier",31-AUG-18,"American","http://en.wikipedia.org/wiki/Bill_Homeier"
520,"hartley","\N","\N","Gene","Hartley",28-JAN-26,"American","http://en.wikipedia.org/wiki/Gene_Hartley"
521,"stevenson","\N","\N","Chuck","Stevenson",15-OCT-19,"American","http://en.wikipedia.org/wiki/Chuck_Stevenson"
522,"grim","\N","\N","Bobby","Grim",04-SEP-24,"American","http://en.wikipedia.org/wiki/Bobby_Grim"
523,"templeman","\N","\N","Shorty","Templeman",12-AUG-19,"American","http://en.wikipedia.org/wiki/Shorty_Templeman"
524,"hurtubise","\N","\N","Jim","Hurtubise",05-DEC-32,"American","http://en.wikipedia.org/wiki/Jim_Hurtubise"
525,"bryan","\N","\N","Jimmy","Bryan",28-JAN-26,"American","http://en.wikipedia.org/wiki/Jimmy_Bryan"
526,"ruttman","\N","\N","Troy","Ruttman",11-MAR-30,"American","http://en.wikipedia.org/wiki/Troy_Ruttman"
527,"sachs","\N","\N","Eddie","Sachs",28-MAY-27,"American","http://en.wikipedia.org/wiki/Eddie_Sachs"
528,"freeland","\N","\N","Don","Freeland",25-MAR-25,"American","http://en.wikipedia.org/wiki/Don_Freeland"
529,"bettenhausen","\N","\N","Tony","Bettenhausen",12-SEP-16,"American","http://en.wikipedia.org/wiki/Tony_Bettenhausen"
530,"weiler","\N","\N","Wayne","Weiler",09-DEC-34,"American","http://en.wikipedia.org/wiki/Wayne_Weiler"
531,"foyt","\N","\N","Anthony","Foyt",16-JAN-35,"American","http://en.wikipedia.org/wiki/A.J._Foyt"
532,"russo","\N","\N","Eddie","Russo",19-NOV-25,"American","http://en.wikipedia.org/wiki/Eddie_Russo"
533,"boyd","\N","\N","Johnny","Boyd",19-AUG-26,"American","http://en.wikipedia.org/wiki/Johnny_Boyd"
534,"force","\N","\N","Gene","Force",15-JUN-16,"American","http://en.wikipedia.org/wiki/Gene_Force"
535,"mcwithey","\N","\N","Jim","McWithey",04-JUL-27,"American","http://en.wikipedia.org/wiki/Jim_McWithey"
536,"sutton","\N","\N","Len","Sutton",09-AUG-25,"American","http://en.wikipedia.org/wiki/Len_Sutton"
537,"dick_rathmann","\N","\N","Dick","Rathmann",06-JAN-24,"American","http://en.wikipedia.org/wiki/Dick_Rathmann"
538,"herman","\N","\N","Al","Herman",15-MAR-27,"American","http://en.wikipedia.org/wiki/Al_Herman"
539,"dempsey_wilson","\N","\N","Dempsey","Wilson",11-MAR-27,"American","http://en.wikipedia.org/wiki/Dempsey_Wilson"
540,"mike_taylor","\N","\N","Mike","Taylor",24-APR-34,"British","http://en.wikipedia.org/wiki/Mike_Taylor_(driver)"
541,"flockhart","\N","\N","Ron","Flockhart",16-JUN-23,"British","http://en.wikipedia.org/wiki/Ron_Flockhart_(auto_racing)"
542,"piper","\N","\N","David","Piper",02-DEC-30,"British","http://en.wikipedia.org/wiki/David_Piper"
543,"cabianca","\N","\N","Giulio","Cabianca",19-FEB-23,"Italian","http://en.wikipedia.org/wiki/Giulio_Cabianca"
544,"drogo","\N","\N","Piero","Drogo",08-AUG-26,"Italian","http://en.wikipedia.org/wiki/Piero_Drogo"
545,"gamble","\N","\N","Fred","Gamble",17-MAR-32,"American","http://en.wikipedia.org/wiki/Fred_Gamble_(racing_driver)"
546,"owen","\N","\N","Arthur","Owen",23-MAR-15,"British","http://en.wikipedia.org/wiki/Arthur_Owen"
547,"gould","\N","\N","Horace","Gould",20-SEP-18,"British","http://en.wikipedia.org/wiki/Horace_Gould"
548,"drake","\N","\N","Bob","Drake",14-DEC-19,"American","http://en.wikipedia.org/wiki/Bob_Drake_(Formula_One)"
549,"bueb","\N","\N","Ivor","Bueb",06-JUN-23,"British","http://en.wikipedia.org/wiki/Ivor_Bueb"
550,"Changy","\N","\N","Alain","de Changy",05-FEB-22,"Belgian","http://en.wikipedia.org/wiki/Alain_de_Changy"
551,"filippis","\N","\N","Maria","de Filippis",11-NOV-26,"Italian","http://en.wikipedia.org/wiki/Maria_Teresa_de_Filippis"
552,"lucienbonnet","\N","\N","Jean","Lucienbonnet",07-JAN-23,"French","http://en.wikipedia.org/wiki/Jean_Lucienbonnet"
553,"testut","\N","\N","André","Testut",13-APR-26,"Monegasque","http://en.wikipedia.org/wiki/Andr%C3%A9_Testut"
554,"behra","\N","\N","Jean","Behra",16-FEB-21,"French","http://en.wikipedia.org/wiki/Jean_Behra"
555,"paul_russo","\N","\N","Paul","Russo",10-APR-14,"American","http://en.wikipedia.org/wiki/Paul_Russo"
556,"daywalt","\N","\N","Jimmy","Daywalt",28-AUG-24,"American","http://en.wikipedia.org/wiki/Jimmy_Daywalt"
557,"arnold","\N","\N","Chuck","Arnold",30-MAY-26,"American","http://en.wikipedia.org/wiki/Chuck_Arnold"
558,"keller","\N","\N","Al","Keller",11-APR-20,"American","http://en.wikipedia.org/wiki/Al_Keller"
559,"flaherty","\N","\N","Pat","Flaherty",06-JAN-26,"American","http://en.wikipedia.org/wiki/Pat_Flaherty_(racing_driver)"
560,"cheesbourg","\N","\N","Bill","Cheesbourg",12-JUN-27,"American","http://en.wikipedia.org/wiki/Bill_Cheesbourg"
561,"ray_crawford","\N","\N","Ray","Crawford",26-OCT-15,"American","http://en.wikipedia.org/wiki/Ray_Crawford"
562,"turner","\N","\N","Jack","Turner",12-FEB-20,"American","http://en.wikipedia.org/wiki/Jack_Turner_(driver)"
563,"weyant","\N","\N","Chuck","Weyant",03-APR-23,"American","http://en.wikipedia.org/wiki/Chuck_Weyant"
564,"larson","\N","\N","Jud","Larson",21-JAN-23,"American","http://en.wikipedia.org/wiki/Jud_Larson"
565,"magill","\N","\N","Mike","Magill",08-FEB-20,"American","http://en.wikipedia.org/wiki/Mike_Magill"
566,"shelby","\N","\N","Carroll","Shelby",11-JAN-23,"American","http://en.wikipedia.org/wiki/Carroll_Shelby"
567,"orey","\N","\N","Fritz","d'Orey",25-MAR-38,"Brazilian","http://en.wikipedia.org/wiki/Fritz_d%27Orey"
568,"fontes","\N","\N","Azdrubal","Fontes",26-DEC-22,"Uruguayan","http://en.wikipedia.org/wiki/Azdrubal_Fontes"
569,"ashdown","\N","\N","Peter","Ashdown",16-OCT-34,"British","http://en.wikipedia.org/wiki/Peter_Ashdown"
570,"bill_moss","\N","\N","Bill","Moss",04-SEP-33,"British","http://en.wikipedia.org/wiki/Bill_Moss_(racing_driver)"
571,"dennis_taylor","\N","\N","Dennis","Taylor",12-JUN-21,"British","http://en.wikipedia.org/wiki/Dennis_Taylor_(racing_driver)"
572,"blanchard","\N","\N","Harry","Blanchard",13-JUN-29,"American","http://en.wikipedia.org/wiki/Harry_Blanchard"
573,"tomaso","\N","\N","Alessandro","de Tomaso",10-JUL-28,"Argentine-Italian","http://en.wikipedia.org/wiki/Alessandro_de_Tomaso"
574,"constantine","\N","\N","George","Constantine",22-FEB-18,"American","http://en.wikipedia.org/wiki/George_Constantine"
575,"said","\N","\N","Bob","Said",05-MAY-32,"American","http://en.wikipedia.org/wiki/Bob_Said"
576,"cade","\N","\N","Phil","Cade",12-JUN-16,"American","http://en.wikipedia.org/wiki/Phil_Cade"
577,"musso","\N","\N","Luigi","Musso",28-JUL-24,"Italian","http://en.wikipedia.org/wiki/Luigi_Musso"
578,"hawthorn","\N","\N","Mike","Hawthorn",10-APR-29,"British","http://en.wikipedia.org/wiki/Mike_Hawthorn"
579,"fangio","\N","\N","Juan","Fangio",24-JUN-11,"Argentine","http://en.wikipedia.org/wiki/Juan_Manuel_Fangio"
580,"godia","\N","\N","Paco","Godia",21-MAR-21,"Spanish","http://en.wikipedia.org/wiki/Paco_Godia"
581,"collins","\N","\N","Peter","Collins",06-NOV-31,"British","http://en.wikipedia.org/wiki/Peter_Collins_(racing_driver)"
582,"kavanagh","\N","\N","Ken","Kavanagh",12-DEC-23,"Australian","http://en.wikipedia.org/wiki/Ken_Kavanagh"
583,"gerini","\N","\N","Gerino","Gerini",10-AUG-28,"Italian","http://en.wikipedia.org/wiki/Gerino_Gerini_(racing_driver)"
584,"kessler","\N","\N","Bruce","Kessler",23-MAR-36,"American","http://en.wikipedia.org/wiki/Bruce_Kessler"
585,"emery","\N","\N","Paul","Emery",12-NOV-16,"British","http://en.wikipedia.org/wiki/Paul_Emery"
586,"piotti","\N","\N","Luigi","Piotti",27-OCT-13,"Italian","http://en.wikipedia.org/wiki/Luigi_Piotti"
587,"ecclestone","\N","\N","Bernie","Ecclestone",28-OCT-30,"British","http://en.wikipedia.org/wiki/Bernie_Ecclestone"
588,"taramazzo","\N","\N","Luigi","Taramazzo",05-MAY-32,"Italian","http://en.wikipedia.org/wiki/Luigi_Taramazzo"
589,"chiron","\N","\N","Louis","Chiron",03-AUG-99,"Monegasque","http://en.wikipedia.org/wiki/Louis_Chiron"
590,"lewis-evans","\N","\N","Stuart","Lewis-Evans",20-APR-30,"British","http://en.wikipedia.org/wiki/Stuart_Lewis-Evans"
591,"george_amick","\N","\N","George","Amick",24-OCT-24,"American","http://en.wikipedia.org/wiki/George_Amick"
592,"reece","\N","\N","Jimmy","Reece",17-NOV-29,"American","http://en.wikipedia.org/wiki/Jimmy_Reece"
593,"parsons","\N","\N","Johnnie","Parsons",04-JUL-18,"American","http://en.wikipedia.org/wiki/Johnnie_Parsons"
594,"tolan","\N","\N","Johnnie","Tolan",22-OCT-17,"American","http://en.wikipedia.org/wiki/Johnnie_Tolan"
595,"garrett","\N","\N","Billy","Garrett",24-APR-33,"American","http://en.wikipedia.org/wiki/Billy_Garrett"
596,"elisian","\N","\N","Ed","Elisian",09-DEC-26,"American","http://en.wikipedia.org/wiki/Ed_Elisian"
597,"connor","\N","\N","Pat","O'Connor",09-OCT-28,"American","http://en.wikipedia.org/wiki/Pat_O%27Connor_(auto_racer)"
598,"jerry_unser","\N","\N","Jerry","Unser",15-NOV-32,"American","http://en.wikipedia.org/wiki/Jerry_Unser"
599,"bisch","\N","\N","Art","Bisch",10-NOV-26,"American","http://en.wikipedia.org/wiki/Art_Bisch"
600,"goethals","\N","\N","Christian","Goethals",04-AUG-28,"Belgian","http://en.wikipedia.org/wiki/Christian_Goethals"
601,"gibson","\N","\N","Dick","Gibson",16-APR-18,"British","http://en.wikipedia.org/wiki/Dick_Gibson"
602,"la_caze","\N","\N","Robert","La Caze",26-FEB-17,"French","http://en.wikipedia.org/wiki/Robert_La_Caze"
603,"guelfi","\N","\N","André","Guelfi",06-MAY-19,"French","http://en.wikipedia.org/wiki/Andr%C3%A9_Guelfi"
604,"picard","\N","\N","François","Picard",26-APR-21,"French","http://en.wikipedia.org/wiki/Fran%C3%A7ois_Picard"
605,"bridger","\N","\N","Tom","Bridger",24-JUN-34,"British","http://en.wikipedia.org/wiki/Tom_Bridger"
606,"portago","\N","\N","Alfonso","de Portago",11-OCT-28,"Spanish","http://en.wikipedia.org/wiki/Alfonso_de_Portago"
607,"perdisa","\N","\N","Cesare","Perdisa",21-OCT-32,"Italian","http://en.wikipedia.org/wiki/Cesare_Perdisa"
608,"castellotti","\N","\N","Eugenio","Castellotti",10-OCT-30,"Italian","http://en.wikipedia.org/wiki/Eugenio_Castellotti"
609,"simon","\N","\N","André","Simon",05-JAN-20,"French","http://en.wikipedia.org/wiki/Andr%C3%A9_Simon_(racing_driver)"
610,"leston","\N","\N","Les","Leston",16-DEC-20,"British","http://en.wikipedia.org/wiki/Les_Leston"
611,"hanks","\N","\N","Sam","Hanks",13-JUL-14,"American","http://en.wikipedia.org/wiki/Sam_Hanks"
612,"linden","\N","\N","Andy","Linden",05-APR-22,"American","http://en.wikipedia.org/wiki/Andy_Linden_(racing_driver)"
613,"teague","\N","\N","Marshall","Teague",22-FEB-21,"American","http://en.wikipedia.org/wiki/Marshall_Teague"
614,"edmunds","\N","\N","Don","Edmunds",23-SEP-30,"American","http://en.wikipedia.org/wiki/Don_Edmunds"
615,"agabashian","\N","\N","Fred","Agabashian",21-AUG-13,"American","http://en.wikipedia.org/wiki/Fred_Agabashian"
616,"george","\N","\N","Elmer","George",15-JUL-28,"American","http://en.wikipedia.org/wiki/Elmer_George"
617,"macdowel","\N","\N","Mike","MacDowel",13-SEP-32,"British","http://en.wikipedia.org/wiki/Mike_MacDowel"
618,"mackay-fraser","\N","\N","Herbert","MacKay-Fraser",23-JUN-27,"American","http://en.wikipedia.org/wiki/Herbert_MacKay-Fraser"
619,"gerard","\N","\N","Bob","Gerard",19-JAN-14,"British","http://en.wikipedia.org/wiki/Bob_Gerard"
620,"maglioli","\N","\N","Umberto","Maglioli",05-JUN-28,"Italian","http://en.wikipedia.org/wiki/Umberto_Maglioli"
621,"england","\N","\N","Paul","England",28-MAR-29,"Australian","http://en.wikipedia.org/wiki/Paul_England"
622,"landi","\N","\N","Chico","Landi",14-JUL-07,"Brazilian","http://en.wikipedia.org/wiki/Chico_Landi"
623,"uria","\N","\N","Alberto","Uria",11-JUL-24,"Uruguayan","http://en.wikipedia.org/wiki/Alberto_Uria"
624,"ramos","\N","\N","Hernando","da Silva Ramos",07-DEC-25,"Brazilian","http://en.wikipedia.org/wiki/Hernando_da_Silva_Ramos"
625,"bayol","\N","\N","Élie","Bayol",28-FEB-14,"French","http://en.wikipedia.org/wiki/%C3%89lie_Bayol"
626,"manzon","\N","\N","Robert","Manzon",12-APR-17,"French","http://en.wikipedia.org/wiki/Robert_Manzon"
627,"rosier","\N","\N","Louis","Rosier",05-NOV-05,"French","http://en.wikipedia.org/wiki/Louis_Rosier"
628,"sweikert","\N","\N","Bob","Sweikert",20-MAY-26,"American","http://en.wikipedia.org/wiki/Bob_Sweikert"
629,"griffith","\N","\N","Cliff","Griffith",06-FEB-16,"American","http://en.wikipedia.org/wiki/Cliff_Griffith"
630,"dinsmore","\N","\N","Duke","Dinsmore",10-APR-13,"American","http://en.wikipedia.org/wiki/Duke_Dinsmore"
631,"andrews","\N","\N","Keith","Andrews",15-JUN-20,"American","http://en.wikipedia.org/wiki/Keith_Andrews_(driver)"
632,"frere","\N","\N","Paul","Frère",30-JAN-17,"Belgian","http://en.wikipedia.org/wiki/Paul_Fr%C3%A8re"
633,"villoresi","\N","\N","Luigi","Villoresi",16-MAY-09,"Italian","http://en.wikipedia.org/wiki/Luigi_Villoresi"
634,"scotti","\N","\N","Piero","Scotti",11-NOV-09,"Italian","http://en.wikipedia.org/wiki/Piero_Scotti"
635,"chapman","\N","\N","Colin","Chapman",19-MAY-28,"British","http://en.wikipedia.org/wiki/Colin_Chapman"
636,"titterington","\N","\N","Desmond","Titterington",01-MAY-28,"British","http://en.wikipedia.org/wiki/Desmond_Titterington"
637,"scott_Brown","\N","\N","Archie","Scott Brown",13-MAY-27,"British","http://en.wikipedia.org/wiki/Archie_Scott_Brown"
638,"volonterio","\N","\N","Ottorino","Volonterio",07-DEC-17,"Swiss","http://en.wikipedia.org/wiki/Ottorino_Volonterio"
639,"milhoux","\N","\N","André","Milhoux",09-DEC-28,"Belgian","http://en.wikipedia.org/wiki/Andr%C3%A9_Milhoux"
640,"graffenried","\N","\N","Toulo","de Graffenried",18-MAY-14,"Swiss","http://en.wikipedia.org/wiki/Toulo_de_Graffenried"
641,"taruffi","\N","\N","Piero","Taruffi",12-OCT-06,"Italian","http://en.wikipedia.org/wiki/Piero_Taruffi"
642,"farina","\N","\N","Nino","Farina",30-OCT-06,"Italian","http://en.wikipedia.org/wiki/Nino_Farina"
643,"mieres","\N","\N","Roberto","Mieres",03-DEC-24,"Argentine","http://en.wikipedia.org/wiki/Roberto_Mieres"
644,"mantovani","\N","\N","Sergio","Mantovani",22-MAY-29,"Italian","http://en.wikipedia.org/wiki/Sergio_Mantovani"
645,"bucci","\N","\N","Clemar","Bucci",04-SEP-20,"Argentine","http://en.wikipedia.org/wiki/Clemar_Bucci"
646,"iglesias","\N","\N","Jesús","Iglesias",22-FEB-22,"Argentine","http://en.wikipedia.org/wiki/Jes%C3%BAs_Iglesias"
647,"ascari","\N","\N","Alberto","Ascari",13-JUL-18,"Italian","http://en.wikipedia.org/wiki/Alberto_Ascari"
648,"kling","\N","\N","Karl","Kling",16-SEP-10,"German","http://en.wikipedia.org/wiki/Karl_Kling"
649,"birger","\N","\N","Pablo","Birger",07-JAN-24,"Argentine","http://en.wikipedia.org/wiki/Pablo_Birger"
650,"pollet","\N","\N","Jacques","Pollet",02-JUL-22,"French","http://en.wikipedia.org/wiki/Jacques_Pollet"
651,"macklin","\N","\N","Lance","Macklin",02-SEP-19,"British","http://en.wikipedia.org/wiki/Lance_Macklin"
652,"whiteaway","\N","\N","Ted","Whiteaway",01-NOV-28,"British","http://en.wikipedia.org/wiki/Ted_Whiteaway"
653,"davies","\N","\N","Jimmy","Davies",08-AUG-29,"American","http://en.wikipedia.org/wiki/Jimmy_Davies"
654,"faulkner","\N","\N","Walt","Faulkner",16-FEB-20,"American","http://en.wikipedia.org/wiki/Walt_Faulkner"
655,"niday","\N","\N","Cal","Niday",29-APR-14,"American","http://en.wikipedia.org/wiki/Cal_Niday"
656,"cross","\N","\N","Art","Cross",24-JAN-18,"American","http://en.wikipedia.org/wiki/Art_Cross"
657,"vukovich","\N","\N","Bill","Vukovich",13-DEC-18,"American","http://en.wikipedia.org/wiki/Bill_Vukovich"
658,"mcgrath","\N","\N","Jack","McGrath",08-OCT-19,"American","http://en.wikipedia.org/wiki/Jack_McGrath_(racing_driver)"
659,"hoyt","\N","\N","Jerry","Hoyt",29-JAN-29,"American","http://en.wikipedia.org/wiki/Jerry_Hoyt"
660,"claes","\N","\N","Johnny","Claes",11-AUG-16,"Belgian","http://en.wikipedia.org/wiki/Johnny_Claes"
661,"peter_walker","\N","\N","Peter","Walker",07-OCT-12,"British","http://en.wikipedia.org/wiki/Peter_Walker_(driver)"
662,"sparken","\N","\N","Mike","Sparken",16-JUN-30,"French","http://en.wikipedia.org/wiki/Mike_Sparken"
663,"wharton","\N","\N","Ken","Wharton",21-MAR-16,"British","http://en.wikipedia.org/wiki/Ken_Wharton"
664,"mcalpine","\N","\N","Kenneth","McAlpine",21-SEP-20,"British","http://en.wikipedia.org/wiki/Kenneth_McAlpine"
665,"marr","\N","\N","Leslie","Marr",14-AUG-22,"British","http://en.wikipedia.org/wiki/Leslie_Marr"
666,"rolt","\N","\N","Tony","Rolt",16-OCT-18,"British","http://en.wikipedia.org/wiki/Tony_Rolt"
667,"fitch","\N","\N","John","Fitch",04-AUG-17,"American","http://en.wikipedia.org/wiki/John_Fitch_(driver)"
668,"lucas","\N","\N","Jean","Lucas",25-APR-17,"French","http://en.wikipedia.org/wiki/Jean_Lucas"
669,"bira","\N","\N","Prince","Bira",15-JUL-14,"Thai","http://en.wikipedia.org/wiki/Prince_Bira"
670,"marimon","\N","\N","Onofre","Marimón",19-DEC-23,"Argentine","http://en.wikipedia.org/wiki/Onofre_Marim%C3%B3n"
671,"loyer","\N","\N","Roger","Loyer",05-AUG-07,"French","http://en.wikipedia.org/wiki/Roger_Loyer"
672,"daponte","\N","\N","Jorge","Daponte",05-JUN-23,"Argentine","http://en.wikipedia.org/wiki/Jorge_Daponte"
673,"nazaruk","\N","\N","Mike","Nazaruk",02-OCT-21,"American","http://en.wikipedia.org/wiki/Mike_Nazaruk"
674,"crockett","\N","\N","Larry","Crockett",23-OCT-26,"American","http://en.wikipedia.org/wiki/Larry_Crockett"
675,"ayulo","\N","\N","Manny","Ayulo",20-OCT-21,"American","http://en.wikipedia.org/wiki/Manny_Ayulo"
676,"armi","\N","\N","Frank","Armi",12-OCT-18,"American","http://en.wikipedia.org/wiki/Frank_Armi"
677,"webb","\N","\N","Travis","Webb",08-OCT-10,"American","http://en.wikipedia.org/wiki/Travis_Webb"
678,"duncan","\N","\N","Len","Duncan",25-JUL-11,"American","http://en.wikipedia.org/wiki/Len_Duncan"
679,"mccoy","\N","\N","Ernie","McCoy",19-FEB-21,"American","http://en.wikipedia.org/wiki/Ernie_McCoy"
680,"swaters","\N","\N","Jacques","Swaters",30-OCT-26,"American","http://en.wikipedia.org/wiki/Jacques_Swaters"
681,"georges_berger","\N","\N","Georges","Berger",14-SEP-18,"Belgian","http://en.wikipedia.org/wiki/Georges_Berger"
682,"beauman","\N","\N","Don","Beauman",26-JUL-28,"British","http://en.wikipedia.org/wiki/Don_Beauman"
683,"thorne","\N","\N","Leslie","Thorne",23-JUN-16,"British","http://en.wikipedia.org/wiki/Leslie_Thorne"
684,"whitehouse","\N","\N","Bill","Whitehouse",01-APR-09,"British","http://en.wikipedia.org/wiki/Bill_Whitehouse"
685,"riseley_prichard","\N","\N","John","Riseley-Prichard",17-JAN-24,"British","http://en.wikipedia.org/wiki/John_Riseley-Prichard"
686,"reg_parnell","\N","\N","Reg","Parnell",02-JUL-11,"British","http://en.wikipedia.org/wiki/Reg_Parnell"
687,"whitehead","\N","\N","Peter","Whitehead",12-NOV-14,"British","http://en.wikipedia.org/wiki/Peter_Whitehead_(racing_driver)"
688,"brandon","\N","\N","Eric","Brandon",18-JUL-20,"British","http://en.wikipedia.org/wiki/Eric_Brandon"
689,"alan_brown","\N","\N","Alan","Brown",20-NOV-19,"British","http://en.wikipedia.org/wiki/Alan_Brown_(racing_driver)"
690,"nuckey","\N","\N","Rodney","Nuckey",26-JUN-29,"British","http://en.wikipedia.org/wiki/Rodney_Nuckey"
691,"lang","\N","\N","Hermann","Lang",06-APR-09,"German","http://en.wikipedia.org/wiki/Hermann_Lang"
692,"helfrich","\N","\N","Theo","Helfrich",13-MAY-13,"German","http://en.wikipedia.org/wiki/Theo_Helfrich"
693,"wacker","\N","\N","Fred","Wacker",10-JUL-18,"American","http://en.wikipedia.org/wiki/Fred_Wacker"
694,"riu","\N","\N","Giovanni","de Riu",10-MAR-25,"Italian","http://en.wikipedia.org/wiki/Giovanni_de_Riu"
695,"galvez","\N","\N","Oscar","Gálvez",17-AUG-13,"Argentine","http://en.wikipedia.org/wiki/%C3%93scar_Alfredo_G%C3%A1lvez"
696,"john_barber","\N","\N","John","Barber",22-JUL-29,"British","http://en.wikipedia.org/wiki/John_Barber_(racing_driver)"
697,"bonetto","\N","\N","Felice","Bonetto",09-JUN-03,"Italian","http://en.wikipedia.org/wiki/Felice_Bonetto"
698,"cruz","\N","\N","Adolfo","Cruz",28-JUN-23,"Argentine","http://en.wikipedia.org/wiki/Adolfo_Schewelm_Cruz"
699,"nalon","\N","\N","Duke","Nalon",02-MAR-13,"American","http://en.wikipedia.org/wiki/Duke_Nalon"
700,"scarborough","\N","\N","Carl","Scarborough",03-JUL-14,"American","http://en.wikipedia.org/wiki/Carl_Scarborough"
701,"holland","\N","\N","Bill","Holland",18-DEC-07,"American","http://en.wikipedia.org/wiki/Bill_Holland"
702,"bob_scott","\N","\N","Bob","Scott",04-OCT-28,"American","http://en.wikipedia.org/wiki/Bob_Scott_(auto_racer)"
703,"legat","\N","\N","Arthur","Legat",01-NOV-98,"Belgian","http://en.wikipedia.org/wiki/Arthur_Legat"
704,"cabantous","\N","\N","Yves","Cabantous",08-OCT-04,"French","http://en.wikipedia.org/wiki/Yves_Giraud_Cabantous"
705,"crook","\N","\N","Tony","Crook",16-FEB-20,"British","http://en.wikipedia.org/wiki/Tony_Crook"
706,"jimmy_stewart","\N","\N","Jimmy","Stewart",06-MAR-31,"British","http://en.wikipedia.org/wiki/Jimmy_Stewart_(racing_driver)"
707,"ian_stewart","\N","\N","Ian","Stewart",15-JUL-29,"British","http://en.wikipedia.org/wiki/Ian_Stewart_(racing_driver)"
708,"duncan_hamilton","\N","\N","Duncan","Hamilton",30-APR-20,"British","http://en.wikipedia.org/wiki/Duncan_Hamilton_(racing_driver)"
